Documento	Id
Brasil inicia construção do 5 Plano de Ação Nacional de Governo Aberto	1
CGU apoia evento para criação de laboratórios de inovação no setor público	2
Covid - 19 CGU e PF apuram irregularidades na Secretaria de Saúde do Piauí	3
Covid - 19 CGU e PF aprofundam investigações de fraudes no Piauí	4
CGU convida cidadãos a participarem do seu Conselho de Serviços Públicos	5
Definido cronograma de trabalho do GT que revisará códigos de ética do governo federal	6
Artigo da Revista da CGU integra Portal da OMS de literatura sobre Covid - 19	7
CGU seleciona servidores federais para sua equipe de Tecnologia da Informação	8
CGU no Maranhão realiza oficina sobre os 100 Primeiros Dias da Gestão Municipal	9
Instabilidade de acesso ao Portal da Transparência do Governo Federal	10
Atualização das Despesas Públicas no Portal da Transparência	11
CGU publica Relatório de Gestão Fiscal do terceiro quadrimestre de 2020	12
GT - tica inclui entrevistas com especialistas no processo de reformulação das normas federais	13
Força - tarefa combate fraudes no fornecimento de material didático na Paraíba	14
Covid - 19 CGU e PF combatem desvios de recursos no Rio de Janeiro	15
Investigação no Fundo de Financiamento do Ensino Superior FIES	16
Está aberta consulta para priorização de temas do 5 Plano de Ação Nacional de Governo Aberto	17
LENI NCIA CGU , AGU e MPF celebram acordo com a Samsung Heavy Industries	18
CGU realiza encontro virtual sobre enfrentamento à COVID - 19 e participação social	19
CGU e PF combatem superfaturamento na saúde em Araguaína TO	20
Estudo comparado de códigos de ética nacionais e internacionais balizam revisão de normas federais	21
Combate à corrupção exige especialização e trabalho conjunto , defende ministro da CGU	22
LAI Tratamento de dados pessoais é tema de nova capacitação da CGU	23
Covid - 19 CGU e PF combatem desvios da saúde em Pinheiro MA	24
CGU realiza 16 Reunião da Comissão de Coordenação de Controle Interno	25
Ministro da CGU participa de lançamento do Plano de Integridade da Dataprev	26
Chamada pública seleciona pesquisadores para projeto realizado pela CGU e Ipea	27
Atualização das Despesas Públicas no Portal da Transparência	28
SFC lança o infográfico Jornada do Auditor Interno Governamental	29
CGU divulga resultado de seleção para Diretoria de Tecnologia da Informação	30
OGU promove debates em alusão ao Dia do Ouvidor	31
CGU publica norma operacional do Sistema de Ouvidorias do Executivo Federal	32
Governo Federal atinge a marca de 1 milhão de pedidos de acesso à informação	33
Revista da CGU abre chamada para dossiê especial sobre regulação na melhoria do Estado	34
CGU divulga resultado da 2 edição da Escala Brasil Transparente - Avaliação 360	35
STPC realiza primeiro encontro virtual de 2021 do Diálogos em Controle Social	36
CGU conclui três ações do Plano Anticorrupção do Governo Federal	37
CGU abre consulta pública sobre normativo de Tomadas de Contas Especiais	38
Prosa de Ouvidoria Lei Geral de Proteção de Dados Pessoais foi tema do 1 dia	39
Rede Nacional de Ouvidorias promove live sobre LGPD	40
Ações de auditoria da CGU somaram R 17 , 9 bilhões em benefícios financeiros em 2020	41
Tratamento da informação pessoal em face da LAI e da LGPD é tema de live na CGU	42
Prosa de Ouvidoria Modelos para medir maturidade de gestão foi tema do 2 dia	43
Prosa de Ouvidoria Proteção ao denunciante no Brasil foi tema do 3 dia	44
GT - tica se reúne para tratar de precedentes da Comissão de tica Pública	45
Governo Federal celebra o Dia Mundial da gua e promove o Seminário das guas Brasileiras	46
Prosa de Ouvidoria Conselho de Usuários de Serviços Públicos foi tema do 4 dia	47
Ministro da CGU apresenta a importância da ética e do controle interno para a boa gestão pública	48
Governo Federal analisa se vacinas estão sendo aplicadas nas pessoas certas	49
CGU realiza evento sobre combate ao assédio sexual no ambiente de trabalho	50
Prosa de Ouvidoria Soluções para inteligência artificial foi tema do último dia	51
CGU participa de live sobre o enfrentamento da corrupção no Brasil	52
Revista da CGU seleciona pesquisadores para compor cadastro de revisores	53
Wagner Rosário fala sobre os desafios do gestor público no combate à corrupção	54
Ouvidoria - Geral da União divulga Relatório de Gestão 2020	55
Controladoria - Geral da União publica Relatório de Gestão de 2020	56
CGU publica novo plano de ação da Infraestrutura Nacional de Dados Abertos	57
Revista da CGU lança plano editorial para biênio 2021 - 2022	58
CGU realiza segundo encontro virtual do Diálogos em Controle Social	59
CGU , PF e MPF combatem desvios de recursos no Incra do Amazonas	60
CGU divulga Prestação de Contas do Presidente da República de 2020	61
CGU e PF combatem fraudes na aquisição de materiais escolares em Pernambuco	62
CGU abre consulta para aprimorar norma do Plano Anual de Auditoria Interna	63
CGU e Polícia Federal deflagram mais duas fases da Operação Rota BR 090	64
Covid - 19 CGU e PF reforçam apuração de desvios na saúde em Rio Branco AC	65
Polícias Federal , Civil e Militar prendem investigados por assaltos a instituições bancárias em Salvador	66
Polícia Federal apreende mais de três toneladas de pirarucu no Amazonas	67
PF e BPFRON localizam depósito de produtos contrabandeados em Foz do Iguaçu PR	68
PF prende um homem e apreende mais de 300 comprimidos de ecstasy	69
PF investiga esquema de venda de relíquias arqueológicas encontradas no Acre	70
PF apreende carga de cigarros paraguaios e veículos usados no transporte da mercadoria	71
Polícia Federal prende casal por tráfico de drogas em Macapá	72
Polícia Federal e Receita Federal prendem dois homens por tráfico de animais silvestres	73
PF prende em flagrante homem que teria compartilhado imagens pornográficas de menor	74
PF e BPFRON interceptam comboio com veículos carregados com cigarros contrabandeados	75
PF apreende cocaína encontrada em navio no Porto de bidos PA	76
PF prende homem em flagrante com cédulas falsas	77
PF prende passageiro de voo internacional com mais de 2 kg de cocaína	78
PF cumpre mandado de prisão preventiva de suspeito de cometer crimes de roubo contra os Correios	79
PF faz duas apreensões de cédulas falsas na região de Jales SP	80
PF e BPFRON apreendem veículo carregado com cigarros contrabandeados	81
PF apreende mais de 12 kg de cocaína no aeroporto de Guarulhos	82
PF e BPFRON realizam prisão em flagrante de contrabandista	83
PF apreende 2 pick - up carregadas com cigarros contrabandeados em Guaíra PR	84
Líder de organização criminosa é preso no Paraguai com o apoio da PF	85
Dia do Papiloscopista	86
PF , em ação conjunta , apreende duas menores com haxixe em ônibus na BR277 no âmbito da Operação Hórus e Programa VIGIA	87
Operação Resgate liberta mais de 100 trabalhadores em condições análogas à escravidão	88
PF e PM combatem organização criminosa especializada em roubo a bancos	89
PF combate venda e produção caseira de armas de fogo em Minas Gerais	90
PF e BPFRON apreendem maconha especial	91
Polícia Federal realiza maior apreensão de maconha do ano em Pernambuco	92
PF deflagra a segunda fase da Operação Voto Livre	93
PF combate o crime de moeda falsa no Espírito Santo	94
Polícia Federal combate fraude a licitações no Acre	95
PF deflagra a Operação Overweight para combater o tráfico internacional de drogas em São Paulo	96
PF , em cooperação com autoridades bolivianas , viabiliza libertação de brasileira na Bolívia	97
PF apreende mais de 12 kg de cocaína	98
Polícia Federal entrega ao Museu Oscar Niemeyer obras apreendidas na Operação Vernissage	99
PF prende argentino procurado pela Interpol no Rio de Janeiro	100
PF e BPFRON apreendem carga 250 kg de agrotóxicos em Terra Roxa PR	101
PF cumpre mandados de prisão de foragidos da justiça que prestaram o Enem	102
PF investiga desvios de recursos públicos destinados ao combate da Covid - 19 no Piauí	103
Polícia Federal deflagra 79 Fase da Operação Lava Jato Operação Vernissage	104
PF combate lavagem de dinheiro no Distrito Federal e em Goiás	105
PF encontra diversos animais nativos em bagagem de passageiro que pretendia embarcar em voo para a Rússia	106
Polícia Federal prende foragido internacional no Aeroporto de Guarulhos	107
PF incinera 5 , 5 toneladas de drogas apreendidas no Porto de Santos	108
PF prende duas pessoas por comércio ilegal de armas de fogo em Roraima	109
PF prende suspeito de assaltos a agências dos Correios no Espírito Santo	110
PF identifica 409 crimes durante apurações da Operação Cai - Cai	111
PF atua em invasão à plataforma de petróleo em Angra RJ	112
Polícia Federal apreende carga de agrotóxicos contrabandeados e arma de fogo durante Operação Hórus em Cascavel - PR	113
Polícia Federal combate crime de moeda falsa no Rio Grande do Sul	114
PF apreende 25 mil micropontos da droga sintética NBOH em Varginha MG	115
Operação felos investiga fraudes em solicitações do Auxílio Emergencial no Acre	116
Polícia Federal deflagra Operação Despudor no Acre para investigar publicações de abusos sexuais de criança na internet	117
PF investiga esquema de venda de selos falsos no Mato Grosso	118
Polícia Federal combate desmatamento na Amazônia	119
PF prende traficante foragido no Rio de Janeiro	120
PF , em ação conjunta , apreende carregamento de cigarros contrabandeados	121
PF incinera 375 kg de substâncias entorpecentes no Rio Grande do Norte	122
PF prende suspeito de participar de vários roubos a agências dos Correios no Espírito Santo	123
PF deflagra duas operações simultâneas visando combater a disseminação de pornografia infantil Operação Help X e Operação Infância Resgatada	124
PF combate comércio ilegal de pássaros silvestres em Minas Gerais	125
PF , em ação conjunta , apreende carregamento com aproximadamente 400 mil maços de cigarros contrabandeados	126
PF combate prática de crimes previdenciários em Pernambuco	127
Polícia Federal prende mulheres com maconha na rodoviária de Foz do Iguaçu PR	128
PF deflagra a Operação Bad Trip , para desarticular grupo criminoso especializado no tráfico de ecstasy	129
PF combate crime eleitoral no Acre	130
Polícia Federal deflagra Operação Raposo para investigar furtos de dispositivos eletrônicos em rgão público paranaense	131
PF combate desvios de recursos públicos destinados ao combate à Covid - 19 no Piauí	132
PF prende 2 pessoas identificadas pela receita com droga dentro de embalagens de café e remédios	133
Polícia Federal cumpre mandado de prisão em desfavor de ex - prefeito municipal de cidade vizinha	134
PF prende em flagrante por estelionato homem condenado por divulgar pornografia infantil	135
PF prende , no Rio Grande do Norte , procurado pela Justiça de Goiás	136
PF apreende 100 kg de cocaína no Mato Grosso	137
PF , em ação conjunta , apreende cocaína no Rio Juruá	138
Polícia Federal desarticula grupo criminoso responsável por fraudes na concessão de Benefícios Previdenciários	139
Polícia Federal combate garimpo na Terra Indígena Yanomami .	140
PF prende , no Rio de Janeiro , solicitante de passaporte foragido desde 2011	141
Policiais apreendem essências de narguilé e cigarros eletrônicos na região da Vila Portes , em Foz do Iguaçu PR	142
Ação integrada de órgãos federais divulga resultados da Operação Resgate nesta quinta - feira	143
Policiais cumprem mandado de prisão na Ponte da Amizade	144
PF combate crime de moeda falsa no Rio Grande do Norte	145
PF deflagra a segunda fase da Operação Alcatraz , denominada Hemorragia	146
PF , em ação integrada , realiza nova apreensão de agrotóxicos	147
PF e PM apreendem 450 kg de agrotóxicos em Guaíra PR	148
PF apreende quase 8 kg de cocaína em São Paulo	149
Polícia Federal e Receita Federal apreendem 435 mil reais na fronteira com o Uruguai	150
Polícia Federal realiza prisão de destinatário de drogas pelos Correios	151
PF combate extração ilegal de minério de ouro no Pará	152
PF , no âmbito da Operação Hórus , apreende mais um carregamento de maconha	153
Polícia Federal deflagra Operação Cash Delivery para apurar prejuízo de 600 mil reais a clientes da Caixa Econômica Federal de Jaguarão RS	154
PF prende traficante holandês procurado pela Interpol no Rio de Janeiro	155
PF combate divulgação de pornografia infantojuvenil pela internet	156
PF extradita da Espanha procurada pela Interpol	157
PF investiga desvio de recursos públicos destinados ao custeio de centros de educação infantil e creches	158
Polícia Federal prende foragido da Justiça de Santa Catarina	159
PF remove líder de facção criminosa para presídio federal	160
PF prende suspeito de disseminação de pornografia infantil na internet	161
Publicado edital do concurso da Polícia Federal	162
PF , em ação conjunta com a PRF , apreendeu grande quantidade de cigarros no Litoral Sul Potiguar	163
PF prende por uso de documentos falsos	164
PF , em ação conjunta , deflagrou a Operação Festa Branca em Rondônia	165
PF desarticula grupo criminoso especializado em tráfico de drogas em Pernambuco	166
PF prende por saques de benefícios fraudulentos do INSS	167
PF deflagra mais uma fase da Operação Pesadelo no Espirito Santo	168
PF prende quatro pessoas por tráfico de drogas em Roraima	169
PF participa de visita a entidades estadunidenses responsáveis pelo combate ao tráfico de madeiras	170
PF apreende embarcação preparada para o transporte de ilícitos	171
OPERA O H RUS PF apreende aproximadamente 250 mil maços de cigarros contrabandeados no Paraná	172
PF deflagra operação Tantos no combate ao crime de compra de votos no Ceará	173
PF apreende uma tonelada de maconha no Paraná	174
PF cumpre mandado de prisão temporária de distribuidor de células falsas	175
Polícia Federal realiza extradição de cidadão paraguaio , com destino à cidade de Buenos Aires Argentina	176
Polícia Federal realiza primeira apreensão de cocaína do ano de 2021 no aeroporto internacional dos Guararapes	177
PF participa da Operação Concórdia para combater tráfico de drogas e armas no Rio Grande do Norte	178
PF apreende mais de uma tonelada de maconha	179
PF e BPFRON apreendem dois veículos carregados com cigarros paraguaios	180
PF e BPFRON apreendem carreta bi - trem carregada com cigarros contrabandeados	181
PF e BPFRON apreendem três veículos carregados com cigarros paraguaios	182
PF apreende droga despachada pelos Correios	183
PF prende foragido da Justiça em Redenção PA	184
PF prende passageiros com droga fixada ao corpo e dentro de embalagens de produtos	185
PF e BPFRON apreendem carregamento de cigarros contrabandeados em Terra Roxa PR	186
PF prende passageiro com droga oculta em fundo falso de mala	187
PF deflagra a Operação Hermano para apurar esquema de corrupção em Iracema RR	188
Polícia Federal combate crime de aquisição de moeda falsa em Alagoas	189
Policiais apreendem veículo carregado com eletrônicos em Foz do Iguaçu PR	190
Polícia Federal prende homem que adquiriu cédulas falsas em redes sociais	191
Polícia Federal e Marinha do Brasil realizam ações de cooperação internacional para interceptar embarcação carregada com cocaína	192
PF prende acusado de homicídio por meio de cooperação policial internacional	193
Polícia Federal combate o crime de descaminho no Rio Grande do Sul	194
Polícia Federal e BPFRON prendem motorista com caminhão carregado com cigarros paraguaios	195
Polícia Federal e Marinha do Brasil trazem até a costa de Pernambuco veleiro interceptado com drogas no mar territorial brasileiro	196
Operação Kambaí combate a prática de crimes ambientais em terra indígena	197
Polícia Federal apreende cerca de meia tonelada de cocaína em avião no aeroporto de Salvador BA	198
PF incinera 140 kg de droga em Cruzeiro do Sul	199
PF deflagra Operação Creeper para combater fraudes bancárias no Espírito Santo	200
PF prendeu homem que recebeu R 1 mil em cédulas falsas pelos Correios	201
Polícia Federal e SENAD reiniciam a Operação Nova Aliança para erradicar cultivos de Cannabis	202
PF deflagra Operação Reagente II para apurar desvios de recursos públicos destinados ao enfrentamento à COVID - 19 em Arraial PI e Isaías Coelho PI	203
PF investiga pessoa que atuava ilegalmente como psicólogo em Rondônia	204
Polícia Federal prende mulher com notas falsas	205
Polícia Federal cumpre mandados de busca e apreensão em Campo Grande MS	206
PF realiza transporte e incineração de mais de 9 mil quilos de drogas	207
PF combate tráfico internacional de drogas no Pará	208
Policiais federais e policiais civis apreendem maconha na região do Lago Itaipu em Entre Rios do Oeste PR	209
PF combate crime organizado na fronteira com a Guiana Francesa	210
PF e BPFRON apreende mais três caminhões carregados de cigarros contrabandeados em Guaíra PR	211
PF apreende cocaína dentro de embalagens de creme de cebolas e cumpre mandado de prisão em desfavor de ex - policial	212
PF apreende mais de cinco quilos de cocaína dentro de casacos e em revestimento de mala	213
PF combate o tráfico de drogas no Acre	214
PF combate disseminação de pornografia com conteúdo infantojuvenil	215
Polícia Federal deflagra , em Alagoas , mais uma fase de Operação Inocência Compartilhada 2	216
Polícia Federal deflagra Operação UFR GIO para investigar esquema de crimes eleitorais no Rio de Janeiro .	217
PF desmantela grupo criminoso especializado no contrabando de cigarros de origem paraguaia	218
Operação Quinta Coluna reprime célula criminosa envolvida com tráfico de drogas em aeronaves da FAB	219
PF em ação conjunta com a Receita apreende droga e petrechos para arma de fogo	220
PF resgata brasileiras vítimas de tráfico humano na Bolívia	221
Polícia Federal incinera mais de meia tonelada de drogas em Tabatinga	222
Polícia Federal deflagra Operação Ponto Final II	223
Polícia Federal prende homem com notas falsas	224
PF prende mulher em flagrante por tráfico de drogas	225
Polícia Federal incinera aproximadamente meia tonelada de drogas no Acre	226
Polícia Federal combate fraude em licenças minerais e ambientais	227
Polícia Federal deflagra Operação Fiscela para reprimir crimes contra a Previdência Social	228
Polícia Federal prende quatro pessoas em flagrante por descaminho em Foz do Iguaçu PR	229
PF e BPFRON apreendem veículos e cigarro contrabandeado	230
Polícia Federal e GEFRON AC realizaram apreensão de mais de R 60 mil	231
PF e BPFRON apreendem um veículo carregado com cigarros de origem paraguaia	232
Polícia Federal prende quatro pessoas por promoção de migração ilegal na fronteira com a Guiana .	233
Polícia Federal reprime invasão de terras no Amapá	234
Nota à imprensa	235
Polícia Federal combate crime de moeda falsa em Bagé RS	236
PF deflagra Operação Hydra para investigar obtenção fraudulenta de benefício social	237
Policiais prendem em flagrante duas pessoas , na rodoviária de Céu Azul PR , com fuzis e carregadores	238
A Polícia Federal desarticula esquema de desvios de Recursos do Fundo Municipal de Saúde em Araguaína TO .	239
PF apura extravio de respiradores da Santa Casa de Montes Claros MG	240
Polícia Federal já prendeu doze procurados internacionais em 2021	241
PF deflagra a Operação Papel Branco e desarticula esquema de emissão de laudos fraudulentos em Minas Gerais	242
PF prende foragido da Justiça em Minas Gerais	243
Polícia Federal e Polícia Militar de São Paulo realizam a apreensão de mais de 180 quilos de pasta base de cocaína	244
PF recupera peças arqueológicas estrangeiras	245
PF desarticula organização criminosa voltada ao tráfico de drogas e crimes violentos nos estados do Acre e Mato Grosso do Sul	246
PF deflagra operação Desmascarados para apurar possíveis fraudes em licitação no RJ	247
PF apreende droga dentro de latas de compota de frutas	248
PF combate fraude fundiária no Amapá	249
PF e TIGRE PCPR apreendem três embarcações no Rio Paraná	250
PF prende homem quando recebia cocaína via Correios em Natal RN	251
PF deflagra a terceira fase da Operação Bad Trip	252
PF combate fraudes em licitações , corrupção e desvios de recursos públicos em prefeitura do RN	253
Polícia Federal e Interpol prendem foragidos da Operação Enterprise	254
PF apreendeu 32 quilos de cocaína dentro de prumos de construção	255
PF e BPFRON apreendem carregadores de arma de fogo em Santa Terezinha de Itaipu PR , no âmbito da Operação Hórus e Programa VIGIA	256
PF , em ação integrada , combate o tráfico de drogas em Roraima	257
PF combate fraude em auxílios emergenciais	258
PF combate a comercialização de cigarros contrabandeados	259
Polícia Federal , em ação conjunta com a Polícia Militar , apreendeu mais de 3 kg de cocaína	260
PF , em operação conjunta com a Polícia Militar BEPI realiza erradicação de 1 . 600 pés de maconha na zona rural do município de Orocó PE	261
PF desarticula organização criminosa volta à lavagem de dinheiro oriundo do tráfico de drogas	262
PF deflagra Operação A - 21 para combater a disseminação de pornografia infantojuvenil	263
PF deflagra Operação Faraó para combater tráfico de drogas sintéticas no Espírito Santo	264
Polícia Federal deflagra Operação Lavaggio para apurar crime de lavagem de dinheiro decorrente de tráfico internacional de drogas	265
PF , em ação integrada , apreende caminhão carregado com cigarros contrabandeados	266
Polícia Federal cumpre mandado de prisão em Pernambuco contra um foragido italiano	267
PF deflagra operação para investigar desvios de verbas do SUS em Timbaúba PE	268
PF apreende cerca de 170 de cocaína no Porto de Paranaguá	269
PF e BPFRON apreende carregamento de cigarros paraguaios .	270
PF , em parceria com a FICCO Uberaba e PMRE Iturama - MG , realiza apreensão de aproximadamente uma tonelada de maconha	271
Polícia Federal apreende caminhão com grande carga de crack	272
PF apreende 6 kg de droga em frascos de perfumes	273
PF e BPFRON apreendem um veículo carregado com contrabando	274
PF combate crime de moeda falsa no Acre	275
PF apreende 600 kg de maconha em Campo Grande MS	276
PF deflagra Operação Veneza em São Paulo	277
PF combate fraudes bancárias no Pará	278
PF e BPFRON apreende dois veículos carregados com cigarros paraguaios	279
Polícia Federal prende mulher com notas falsas	280
PF e BPFRON apreendem quatro veículos carregados com cigarros paraguaios	281
PF , em ação integrada , apreende cerca de 50 mil maços de cigarros paraguaios	282
PF e BPFRON apreendem oito veículos carregados com cigarros paraguaios	283
PF e BPFRON apreendem dois veículos carregados com cigarros paraguaios	284
PF incinera mais de 8 mil quilos de drogas apreendidas na circunscrição de Araraquara SP	285
PF investiga crime de usurpação de cargo público em Sorocaba SP	286
Polícia Federal deflagra a maior ação de combate a fraudes contra benefícios emergenciais	287
PF apreende carga de 220 kg de cocaína no Porto de Paranaguá	288
PF apreende grande quantidade de cocaína na Zona Norte do Rio de Janeiro	289
Polícia Federal deflagra 80 Fase da Operação Lava Jato - Operação PSEUDEIA	290
PF combate esquema de fraudes contra o sistema previdenciário em MT	291
PF , em ação integrada combate fraudes em receitas médicas	292
PF desarticula associação voltada à prática do crime de tráfico de drogas	293
Polícia Federal deflagra Operação Pronta Emergência para combater desvios de recursos públicos no Rio de Janeiro	294
PF combate a prática de crimes eleitorais em Campina Grande PB	295
PF realiza operação de combate a fraudes em licitações e desvio de verbas públicas no Sudoeste baiano	296
PF apreende droga dentro de frascos de medicamento	297
Polícia Federal incinera 7 , 3 toneladas de drogas em Três Lagoas MS	298
PF e Força Integrada deflagram Operação Fronteira Fechada contra o tráfico de drogas no Acre	299
PF , em ação integrada , desarticula organização criminosa voltada ao tráfico de drogas	300
PF realiza a primeira incineração de drogas do ano em Guaíra PR	301
PF investiga possível crime de comércio ilegal de pedras preciosas	302
PF e BPFRON apreendem embarcação abandonada no Rio Iguaçu , no âmbito da Operação Hórus e Programa VIGIA	303
Operação Palha Grande desarticula esquema de fraudes contra o INSS no Recôncavo Baiano	304
Polícia Federal prende homem com 2 mil reais em cédulas falsas recebidas pelos Correios em Foz do Iguaçu PR	305
Operação Advenus combate crime de promoção de migração ilegal no Acre	306
PF prende em Natal britânico procurado pela Interpol	307
Operação Lux combate fraude em fundo municipal previdenciário de Luziânia GO	308
Polícia Federal prende liderança de facção criminosa	309
PF e Receita apreendem 9 kg de cocaína ocultos nas estruturas de malas de viagem	310
Polícia Federal combate crimes eleitorais em Oiapoque	311
Polícia Federal apreende helicóptero com grande carga de cocaína	312
PF cumpre mandado de prisão expedido pelo STJ	313
Polícia Federal deflagra operação de combate ao contrabando de cigarros na região norte do Estado do Rio Grande do Sul	314
PF e BPFRON apreendem carreta bi - trem carregada com cigarros contrabandeados	315
Polícia Federal incinera , em Ponta Porã , 12 toneladas de entorpecentes com apoio da Força Nacional	316
PF apreende 246 kg de maconha e 36 sacos de skank no Mato Grosso	317
PF deflagra Operação Manzana para combater ilegalidades em vendas de aparelhos eletrônicos em Pernambuco	318
PF apreende cerca de 500 comprimidos de ecstasy no interior do RN	319
PF apreende 31 kg de cocaína na Rodovia Presidente Dutra	320
PF deflagra a Operação Dotted Roses para combater os crimes de produção de conteúdo com pornografia infantojuvenil e exploração sexual de crianças	321
Polícia Federal e BPFRON apreendem dois veículos carregados com cigarros contrabandeados .	322
PF prende mulher portando 14 kg de maconha no Aeroporto de Fortaleza	323
PF prende duas pessoas por invadir terras públicas no Mato Grosso	324
PF combate o tráfico de drogas e a lavagem de dinheiro em Sergipe	325
PF encerra atividade de rádio clandestina em Nova Xavantina MT	326
PF deflagra Operação Argos para investigar desvios de dinheiro público em contratos de cerca de R 10 milhões em Pacaraima RR	327
PF viabiliza a travessia de tripulantes terrestres detidos em fronteira entre Brasil e Peru	328
PF combate disseminação de pornografia infantojuvenil pela internet	329
Polícia Federal prende no Ceará homem foragido do Sistema Prisional do RN	330
Polícia Federal combate fraude à licitação no Amapá	331
PF combate crime de evasão de divisas no Acre	332
PF apreende agasalhos recheados com cocaína	333
PF combate tráfico de armas em Oiapoque AP	334
PF , em ação conjunta com a Receita , apreende mais de 45 kg de cocaína	335
Polícia Federal comemora 77 anos	336
Polícia Federal combate extração ilegal de minério	337
PF apura suposta importação de vacinas contra covid - 19	338
Polícia Federal e Receita Federal apreendem 3 , 5 quilos de skunk na fronteira com o Uruguai	339
Polícia Federal deflagra Operação Caixa 38	340
Policiais apreendem veículo carregado com cigarros em Itaipulândia PR	341
Policiais federais e policiais militares do BPFRON prendem indivíduo em flagrante por contrabando , em Medianeira PR	342
Polícia Federal participa de ação internacional que resultou na apreensão de 6 toneladas de cocaína	343
PF apreende cerca de 4 , 5 mil maços de cigarros de origem paraguaia	344
Polícia Federal participa de visita técnica ao Porto de Cabedelo PB	345
Polícia Federal apreende cigarros contrabandeados na fronteira com o Paraguai	346
Polícia Federal desarticula grupo criminoso responsável por falsa oferta de venda de vacinas para o Ministério da Saúde	347
Policiais apreendem caminhão carregado com cigarros e duas embarcações em Santa Helena PR	348
Polícia Federal deflagra Operação Ianomâmi 709 de combate o garimpo ilegal em Roraima	349
PF prende no Brasil um dos criminosos mais procurados do Paraguai	350
Polícia Federal deflagra operação para combater falsificação de dinheiro em onze Estados	351
Polícia Federal participa da Operação Trigger VI promovida pela INTERPOL	352
PF e BPFRON PMPR prendem homem com mandado de prisão em aberto pelo crime de roubo	353
PF investiga comercialização e aplicação de vacinas contra Covid - 19 de origem ilícita	354
Polícia Federal deflagra operação contra grupo criminoso ligado ao tráfico de entorpecentes	355
PF apreende drogas no Porto de Santos	356
Polícia Federal deflagra segunda fase de Operação Denarius para combater crimes de moeda falsa	357
Polícia Federal prende foragido da justiça uruguaia	358
Polícia Federal apreende pneus estrangeiros em Missal PR	359
Polícia Federal realiza operação de incineração de droga	360
PF e BPFRON apreendem veículos com cigarros contrabandeados em Guaíra PR	361
PF prende suspeito de fraudes à Caixa Econômica Federal	362
PF , com o apoio da Polícia Militar PE , prende estrangeiro foragido da justiça portuguesa	363
PF deflagra Operação Anóxia , para investigar possível fraude na concessão e recebimento de bolsas de estudo em universidade	364
PF apreende 2 kg de cocaína no Aeroporto Internacional de São Paulo	365
Polícia Federal investiga desvio de recursos do Fundo Eleitoral no Amapá	366
Foragido da Justiça do Rio Grande do Sul é extraditado do Uruguai para o Brasil	367
Polícia Federal prende mulher especializada em realizar furtos em bagagens de passageiros em aeroportos	368
PF deflagra 2 operações em Mato Grosso para combater comercialização ilegal de ouro	369
PF combate tráfico internacional de drogas	370
Polícia Federal deflagra operação para combater fraudes no Auxílio Emergencial e Precatórios Judiciais em Mato Grosso e em outros 11 Estados	371
PF , em ação integrada , prende em flagrante um homem pela venda de medicamento de comercialização restrita	372
PF apreende mais de R 90 mil na fronteira do Brasil com a Bolívia	373
Polícia Federal apreende 440 kg de droga no Porto de Santos SP	374
PF deflagra Operação Constantino para investigar invasões e queimadas em terras da União no Amazonas	375
PF incinera 480 kg de drogas no Cariri	376
Polícia Federal deflagra operação de combate ao tráfico de drogas na Bahia	377
Polícia Federal deflagra a segunda fase da Operação Quinino	378
Polícia Federal interrompe remessa de moeda falsa no Amapá	379
PF combate furtos contra a Caixa Econômica Federal em Chapecó SC	380
Polícia Federal realiza incursão de combate ao tráfico de drogas em Recife PE	381
Polícia Federal desarticula organização criminosa voltada para o tráfico de drogas e fabricação de cédulas falsas	382
PF e Receita apreendem droga dentro de bombons	383
PF deflagra a Operação Athoótita para combater possível disseminação de pornografia infantil	384
PF segue investigações sobre vacinas contra covid - 19 de origem ilícita	385
PF prende em Pau dos Ferros suspeito de integrar facção criminosa no Rio Grande do Norte	386
Polícia Federal realiza apreensão de droga no Porto de Santos SP	387
PF e BPFRON apreende quatro veículos carregados com contrabando	388
Polícia Federal apreende pistolas , fuzil e mais de 1 tonelada de cocaína no Porto de Santos SP	389
Polícia Federal prende traficante de armas e drogas procurado pela INTERPOL	390
PF deflagra segunda fase da Operação Aversa contra o tráfico de drogas em Campo Grande MS	391
Polícia Federal apreende cerca de R 430 mil na fronteira com o Uruguai	392
Polícia Federal combate o tráfico de drogas na fronteira com o Uruguai	393
Operação Recôndito apura desvio de recursos públicos federais destinados ao combate do Coronavírus	394
PF combate armazenamento e divulgação de imagens e vídeos de exploração sexual de crianças e adolescentes pela internet	395
Polícia Federal reprime crimes contra os Correios no Amapá	396
PF desarticula esquema de concessão de decisões judiciais irregulares no Rio de Janeiro	397
Polícia Federal realiza a prisão de uma pessoa por tráfico de drogas	398
Polícia Federal resgata vítimas do tráfico de pessoas na Bolívia	399
A Polícia Federal deflagra Operação Mitra para reprimir o porte ilegal de arma de fogo no Acre	400
PF deflagra Operação Apacheta no Maranhão	401
Polícia Federal localiza menor raptada em Valparaíso de Goiás GO	402
PF prende homem por tráfico internacional de drogas	403
PF e BPFRON estoura depósito milionário de contrabando	404
PF deflagra operação de combate a fraudes no auxílio emergencial cometidas por servidores públicos	405
Policiais federais , civis COPE PR e militares BPFRON cumprem mandado de prisão pelo crime de tráfico de drogas , em Itaipulândia	406
PF , em ação conjunta com a Receita , apreende droga dentro de cosméticos	407
Polícia Federal e APPA realizam fiscalização ambiental no Porto de Paranaguá	408
PF desarticula associação criminosa voltada para a prática de crimes ambientais e agrários em terras da União	409
Polícia Federal prende em flagrante negociador de diamantes	410
PF apreende droga dentro de adega para vinhos	411
FICCO - UBERABA , GFRON , PMMT e COD - PM GO apreendem mais de 26 kg de pasta base de cocaína	412
A Polícia Federal apreendeu 250 quilos de cocaína em Ponta Porã MS	413
PF prende foragido por tráfico internacional de drogas	414
PF apreende cocaína dentro de edredons	415
Polícia Federal apreende mais de 3 , 5 kg de cocaína em dois aeroportos do Amazonas	416
PF apreende carretas com 60 m de madeira em porto de Manaus	417
Polícia Federal esclarece sobre prazos migratórios	418
PF deflagrou a Operação Expresso 155 de combate tráfico de drogas interestadual	419
PF deflagra segunda fase da Operação Aversa contra o tráfico de drogas em Campo Grande MS	420
Polícia Federal apreende mais de R 250 mil em moeda falsa	421
Polícia Federal combate contrabando em Campinas	422
Polícia Federal deflagra Operação Quarta Parcela no combate a fraudes contra benefícios emergenciais	423
Polícia Federal desarticula facção criminosa estabelecida na região da Serra Gaúcha	424
Polícia Federal cumpre mais um mandado de prisão preventiva referente à Operação Enterprise	425
Operação Estoque Zero investiga irregularidades na utilização recursos destinados ao combate da pandemia de Covid - 19	426
PF investiga grupo criminoso que cobrava para influir em órgãos públicos no DF	427
Polícia Federal deflagra Operação Ossobuco para investigar fraudes em contratos firmados entre empresas e hospitais federais sediados no Rio de Janeiro	428
Operação Escambo investiga envolvido em tráfico de drogas e receptação de motocicletas roubadas em Rondônia	429
PF deflagra Operação Olho da Providência para combater desmatamento e invasões de terras públicas no Acre	430
Polícia Federal enfrenta núcleo de facção criminosa no Amapá	431
PF apreende caminhão com mais de 7 toneladas de maconha em Ponta Porã MS	432
PF apreende mais de 2 kg de droga em voo para a frica do Sul	433
PF recupera objeto furtado da UFRN e apreende dinheiro falso em Natal	434
Operação Cara Grande desativa casas de câmbio que atuavam clandestinamente	435
Polícia Federal apreende 3 kg de skunk no Aeroporto Internacional dos Guararapes , em Pernambuco	436
PF combate a prática ilegal de retenção de cartão de benefícios sociais e previdenciários de indígenas	437
Polícia Federal combate prática de jogos de azar , lavagem de dinheiro e evasão de divisas	438
Polícia Federal realiza apoio ao IBAMA em operação contra exploração de madeira em área protegida em Ponta Porã MS	439
PF desarticula esquema criminoso de venda de moedas falsas no Pará	440
Polícia Federal investiga suspeito de compartilhar pela internet imagens contendo abuso de criança	441
Polícia Federal deflagra Operação Shalom para investigar crimes de racismo veiculados na internet	442
Polícia Federal deflagra a Operação Nocivum contra fraudes a benefícios previdenciários na Bahia	443
PF , com apoio da Receita Federal , do Ibama e da Marinha , realiza fiscalização em porto de Belém PA	444
Polícia Federal prende foragido da Operação Enterprise	445
PF deflagra Operação Expurgo 2	446
Polícia Federal deflagra operação Kindergarten para combater desvios de recursos públicos da educação no oeste baiano	447
PF deflagra Operação Onda Certa no Rio de Janeiro	448
PF deflagra a Operação Integração II investiga membros de organização criminosa que atuam no tráfico de entorpecentes	449
PF deflagra Operação Pente Fino no Rio de Janeiro	450
Laboratório clandestino de drogas sintéticas é descoberto e desativado pela polícia	451
Polícia Federal , em ação conjunta com o Exército , desocupam garimpo em Mato Grosso	452
Polícia Federal apreende mais de 36 quilos de droga no Aeroporto de Rio Branco	453
PF incinera aproximadamente 4 toneladas de drogas	454
PF apreende caminhão e embarcação carregados com cigarros contrabandeados	455
Polícia Federal cumpre mandados em investigação sobre comercialização ilegal de anabolizantes	456
PF deflagra Operação Sagres no Rio de Janeiro	457
Polícia Federal fecha laboratório de falsificação de cédulas no Ceará	458
PF deflagra a terceira fase da Operação Pedágio	459
Polícia Federal deflagra operação de combate a fraudes no Auxílio Emergencial na Bahia	460
Polícia Federal deflagra operação contra furtos praticados por organização criminosa em aeroporto de Minas Gerais	461
PF e BPFRON apreendem um veículo carregado com insumos para suplemento	462
Polícia Federal conclui Operação Fusarium I de erradicação de maconha	463
PF prende mulher que transportava pedras preciosas ocultadas em seu corpo	464
PF e Receita apreendem 15 kg de cocaína transportadas por estrangeiros no Aeroporto Internacional de São Paulo	465
Polícia Federal deflagra nova etapa da Operação Egypto , denominada Fractais	466
Polícia Federal deflagra Operação Destilados contra o descaminho de bebidas na fronteira com o Uruguai	467
PF e Exército Brasileiro apreendem embarcação carregada com cigarros paraguaios	468
Polícia Federal cumpre mandado de prisão expedido pelo STF	469
PF aprende milhares de cédulas falsas em São José do Rio Preto SP	470
PF detém mulher transportando 40 mil dólares escondidos junto ao corpo	471
Polícia Federal deflagra Operação Investor para combater exploração ilegal de diamantes em terras indígenas em Rondônia	472
Polícia Federal deflagra Operação Esquema Novo para combater desvios de recursos públicos da Prefeitura Municipal de Rio Branco MT	473
PF combate desmatamento ilegal em reserva florestal no Acre .	474
PF combate crime de moeda falsa em Vilhena RO	475
PF deflagra operação para combater o tráfico de drogas sintéticas em Mato Grosso	476
Polícia Federal e Instituto Médico Legal em Alagoas realizam trabalho conjunto de identificação de cadáveres enterrados sem reconhecimento	477
PF deflagra Operação Olhos Abertos de combate à disseminação de pornografia infantil pela internet	478
PF deflagra operação para combater crimes de moeda falsa em Passo Fundo e Erechim	479
PF e autoridades francesas combatem comércio ilegal de caça na fronteira do Amapá	480
PF apreende 250 kg de cocaína no Mato Grosso	481
PF investiga homem que tem se passado por policial federal fazendo uso indevido de símbolos da corporação	482
PF apreende droga enviada pelos Correios em Petrolina PE	483
PF investiga autores de roubos a diversas agências dos Correios ocorridos no ano de 2020	484
Polícia Federal apreende 2 , 6 kg de skunk na fronteira com o Uruguai	485
PF , em ação conjunta , apreende veículo carregado com cigarros e agrotóxicos em Itaipulândia PR	486
Polícia Federal deflagra operação contra tráfico de drogas em Mato Grosso e em São Paulo	487
PF , em ação conjunta , apreende armas e munições em Santa Cruz do Capibaribe PE	488
Polícia Federal prende acusado de homicídio e de integrar facção criminosa no RN	489
Polícia Federal extradita estrangeiro procurado pela Interpol por crimes investigados no México	490
Polícia Federal faz operação no Porto do Açu , em Campos dos Goytacazes RJ	491
Polícia Federal deflagra Operação que visa investigar atos de corrupção em órgãos de proteção ambiental no Amapá	492
Polícia Federal investiga fraudes na compra de Equipamentos de Proteção Individual - EPIs no Acre	493
PF investiga organização criminosa que praticava crimes com o objetivo de liberar presos condenados pela Justiça	494
Polícia Federal combate disseminação de pornografia infantil na rede mundial de computadores	495
Polícia Federal localiza menor raptada em Valparaíso de Goiás	496
Polícia Federal , Receita Federal e IBAMA fiscalizam contêineres no Porto de Paranaguá	497
PF fecha rádio clandestina em Cordovil	498
PF investiga possível prática de crimes ambientais relacionados ao garimpo ilegal em Rondônia	499
PF , em ação integrada , apreende um veículo carregado com aproximadamente 5 mil maços de cigarros contrabandeados	500
