id;sentencas;documento
1;['Brasil inicia construção do 5 Plano de Ação Nacional de Governo Aberto'];Brasil inicia construção do 5 Plano de Ação Nacional de Governo Aberto
2;['CGU apoia evento para criação de laboratórios de inovação no setor público'];CGU apoia evento para criação de laboratórios de inovação no setor público
3;['Covid - 19 CGU e PF apuram irregularidades na Secretaria de Saúde do Piauí'];Covid - 19 CGU e PF apuram irregularidades na Secretaria de Saúde do Piauí
4;['Covid - 19 CGU e PF aprofundam investigações de fraudes no Piauí'];Covid - 19 CGU e PF aprofundam investigações de fraudes no Piauí
5;['CGU convida cidadãos a participarem do seu Conselho de Serviços Públicos'];CGU convida cidadãos a participarem do seu Conselho de Serviços Públicos
6;['Definido cronograma de trabalho do GT que revisará códigos de ética do governo federal'];Definido cronograma de trabalho do GT que revisará códigos de ética do governo federal
7;['Artigo da Revista da CGU integra Portal da OMS de literatura sobre Covid - 19'];Artigo da Revista da CGU integra Portal da OMS de literatura sobre Covid - 19
8;['CGU seleciona servidores federais para sua equipe de Tecnologia da Informação'];CGU seleciona servidores federais para sua equipe de Tecnologia da Informação
9;['CGU no Maranhão realiza oficina sobre os 100 Primeiros Dias da Gestão Municipal'];CGU no Maranhão realiza oficina sobre os 100 Primeiros Dias da Gestão Municipal
10;['Instabilidade de acesso ao Portal da Transparência do Governo Federal'];Instabilidade de acesso ao Portal da Transparência do Governo Federal
11;['Atualização das Despesas Públicas no Portal da Transparência'];Atualização das Despesas Públicas no Portal da Transparência
12;['CGU publica Relatório de Gestão Fiscal do terceiro quadrimestre de 2020'];CGU publica Relatório de Gestão Fiscal do terceiro quadrimestre de 2020
13;['GT - tica inclui entrevistas com especialistas no processo de reformulação das normas federais'];GT - tica inclui entrevistas com especialistas no processo de reformulação das normas federais
14;['Força - tarefa combate fraudes no fornecimento de material didático na Paraíba'];Força - tarefa combate fraudes no fornecimento de material didático na Paraíba
15;['Covid - 19 CGU e PF combatem desvios de recursos no Rio de Janeiro'];Covid - 19 CGU e PF combatem desvios de recursos no Rio de Janeiro
16;['Investigação no Fundo de Financiamento do Ensino Superior FIES'];Investigação no Fundo de Financiamento do Ensino Superior FIES
17;['Está aberta consulta para priorização de temas do 5 Plano de Ação Nacional de Governo Aberto'];Está aberta consulta para priorização de temas do 5 Plano de Ação Nacional de Governo Aberto
18;['LENI NCIA', 'CGU, AGU e MPF celebram acordo com a Samsung Heavy Industries'];LENI NCIA CGU, AGU e MPF celebram acordo com a Samsung Heavy Industries
19;['CGU realiza encontro virtual sobre enfrentamento à COVID - 19 e participação social'];CGU realiza encontro virtual sobre enfrentamento à COVID - 19 e participação social
20;['CGU e PF combatem superfaturamento na saúde em Araguaína TO'];CGU e PF combatem superfaturamento na saúde em Araguaína TO
21;['Estudo comparado de códigos de ética nacionais e internacionais balizam revisão de normas federais'];Estudo comparado de códigos de ética nacionais e internacionais balizam revisão de normas federais
22;['Combate à corrupção exige especialização e trabalho conjunto, defende ministro da CGU'];Combate à corrupção exige especialização e trabalho conjunto, defende ministro da CGU
23;['LAI', 'Tratamento de dados pessoais é tema de nova capacitação da CGU'];LAI Tratamento de dados pessoais é tema de nova capacitação da CGU
24;['Covid - 19 CGU e PF combatem desvios da saúde em Pinheiro MA'];Covid - 19 CGU e PF combatem desvios da saúde em Pinheiro MA
25;['CGU realiza 16 Reunião da Comissão de Coordenação de Controle Interno'];CGU realiza 16 Reunião da Comissão de Coordenação de Controle Interno
26;['Ministro da CGU participa de lançamento do Plano de Integridade da Dataprev'];Ministro da CGU participa de lançamento do Plano de Integridade da Dataprev
27;['Chamada pública seleciona pesquisadores para projeto realizado pela CGU e Ipea'];Chamada pública seleciona pesquisadores para projeto realizado pela CGU e Ipea
28;['Atualização das Despesas Públicas no Portal da Transparência'];Atualização das Despesas Públicas no Portal da Transparência
29;['SFC lança o infográfico Jornada do Auditor Interno Governamental'];SFC lança o infográfico Jornada do Auditor Interno Governamental
30;['CGU divulga resultado de seleção para Diretoria de Tecnologia da Informação'];CGU divulga resultado de seleção para Diretoria de Tecnologia da Informação
31;['OGU promove debates em alusão ao Dia do Ouvidor'];OGU promove debates em alusão ao Dia do Ouvidor
32;['CGU publica norma operacional do Sistema de Ouvidorias do Executivo Federal'];CGU publica norma operacional do Sistema de Ouvidorias do Executivo Federal
33;['Governo Federal atinge a marca de 1 milhão de pedidos de acesso à informação'];Governo Federal atinge a marca de 1 milhão de pedidos de acesso à informação
34;['Revista da CGU abre chamada para dossiê especial sobre regulação na melhoria do Estado'];Revista da CGU abre chamada para dossiê especial sobre regulação na melhoria do Estado
35;['CGU divulga resultado da 2 edição da Escala Brasil Transparente - Avaliação 360'];CGU divulga resultado da 2 edição da Escala Brasil Transparente - Avaliação 360
36;['STPC realiza primeiro encontro virtual de 2021 do Diálogos em Controle Social'];STPC realiza primeiro encontro virtual de 2021 do Diálogos em Controle Social
37;['CGU conclui três ações do Plano Anticorrupção do Governo Federal'];CGU conclui três ações do Plano Anticorrupção do Governo Federal
38;['CGU abre consulta pública sobre normativo de Tomadas de Contas Especiais'];CGU abre consulta pública sobre normativo de Tomadas de Contas Especiais
39;['Prosa de Ouvidoria Lei Geral de Proteção de Dados Pessoais foi tema do 1 dia'];Prosa de Ouvidoria Lei Geral de Proteção de Dados Pessoais foi tema do 1 dia
40;['Rede Nacional de Ouvidorias promove live sobre LGPD'];Rede Nacional de Ouvidorias promove live sobre LGPD
41;['Ações de auditoria da CGU somaram R 17, 9 bilhões em benefícios financeiros em 2020'];Ações de auditoria da CGU somaram R 17, 9 bilhões em benefícios financeiros em 2020
42;['Tratamento da informação pessoal em face da LAI e da LGPD é tema de live na CGU'];Tratamento da informação pessoal em face da LAI e da LGPD é tema de live na CGU
43;['Prosa de Ouvidoria', 'Modelos para medir maturidade de gestão foi tema do 2 dia'];Prosa de Ouvidoria Modelos para medir maturidade de gestão foi tema do 2 dia
44;['Prosa de Ouvidoria Proteção ao denunciante no Brasil foi tema do 3 dia'];Prosa de Ouvidoria Proteção ao denunciante no Brasil foi tema do 3 dia
45;['GT - tica se reúne para tratar de precedentes da Comissão de tica Pública'];GT - tica se reúne para tratar de precedentes da Comissão de tica Pública
46;['Governo Federal celebra o Dia Mundial da gua e promove o Seminário das guas', 'Brasileiras'];Governo Federal celebra o Dia Mundial da gua e promove o Seminário das guas Brasileiras
47;['Prosa de Ouvidoria', 'Conselho de Usuários de Serviços Públicos foi tema do 4 dia'];Prosa de Ouvidoria Conselho de Usuários de Serviços Públicos foi tema do 4 dia
48;['Ministro da CGU apresenta a importância da ética e do controle interno para a boa gestão pública'];Ministro da CGU apresenta a importância da ética e do controle interno para a boa gestão pública
49;['Governo Federal analisa se vacinas estão sendo aplicadas nas pessoas', 'certas'];Governo Federal analisa se vacinas estão sendo aplicadas nas pessoas certas
50;['CGU realiza evento sobre combate ao assédio sexual no ambiente de trabalho'];CGU realiza evento sobre combate ao assédio sexual no ambiente de trabalho
51;['Prosa de Ouvidoria Soluções para inteligência artificial foi tema do último dia'];Prosa de Ouvidoria Soluções para inteligência artificial foi tema do último dia
52;['CGU participa de live sobre o enfrentamento da corrupção no Brasil'];CGU participa de live sobre o enfrentamento da corrupção no Brasil
53;['Revista da CGU seleciona pesquisadores para compor cadastro de revisores'];Revista da CGU seleciona pesquisadores para compor cadastro de revisores
54;['Wagner Rosário fala sobre os desafios do gestor público no combate à corrupção'];Wagner Rosário fala sobre os desafios do gestor público no combate à corrupção
55;['Ouvidoria - Geral da União divulga Relatório de Gestão 2020'];Ouvidoria - Geral da União divulga Relatório de Gestão 2020
56;['Controladoria - Geral da União publica Relatório de Gestão de 2020'];Controladoria - Geral da União publica Relatório de Gestão de 2020
57;['CGU publica novo plano de ação da Infraestrutura Nacional de Dados Abertos'];CGU publica novo plano de ação da Infraestrutura Nacional de Dados Abertos
58;['Revista da CGU lança plano editorial para biênio 2021 - 2022'];Revista da CGU lança plano editorial para biênio 2021 - 2022
59;['CGU realiza segundo encontro virtual do Diálogos em Controle Social'];CGU realiza segundo encontro virtual do Diálogos em Controle Social
60;['CGU, PF e MPF combatem desvios de recursos no Incra do Amazonas'];CGU, PF e MPF combatem desvios de recursos no Incra do Amazonas
61;['CGU divulga Prestação de Contas do Presidente da República de 2020'];CGU divulga Prestação de Contas do Presidente da República de 2020
62;['CGU e PF combatem fraudes na aquisição de materiais escolares em Pernambuco'];CGU e PF combatem fraudes na aquisição de materiais escolares em Pernambuco
63;['CGU abre consulta para aprimorar norma do Plano Anual de Auditoria Interna'];CGU abre consulta para aprimorar norma do Plano Anual de Auditoria Interna
64;['CGU e Polícia Federal deflagram mais duas fases da Operação Rota BR 090'];CGU e Polícia Federal deflagram mais duas fases da Operação Rota BR 090
65;['Covid - 19 CGU e PF reforçam apuração de desvios na saúde em Rio Branco', 'AC'];Covid - 19 CGU e PF reforçam apuração de desvios na saúde em Rio Branco AC
66;['Polícias Federal, Civil e Militar prendem investigados por assaltos a instituições bancárias em Salvador'];Polícias Federal, Civil e Militar prendem investigados por assaltos a instituições bancárias em Salvador
67;['Polícia Federal apreende mais de três toneladas de pirarucu no Amazonas'];Polícia Federal apreende mais de três toneladas de pirarucu no Amazonas
68;['PF e BPFRON localizam depósito de produtos contrabandeados em Foz do Iguaçu PR'];PF e BPFRON localizam depósito de produtos contrabandeados em Foz do Iguaçu PR
69;['PF prende um homem e apreende mais de 300 comprimidos de ecstasy'];PF prende um homem e apreende mais de 300 comprimidos de ecstasy
70;['PF investiga esquema de venda de relíquias arqueológicas encontradas no Acre'];PF investiga esquema de venda de relíquias arqueológicas encontradas no Acre
71;['PF apreende carga de cigarros paraguaios e veículos usados no transporte da mercadoria'];PF apreende carga de cigarros paraguaios e veículos usados no transporte da mercadoria
72;['Polícia Federal prende casal por tráfico de drogas em Macapá'];Polícia Federal prende casal por tráfico de drogas em Macapá
73;['Polícia Federal e Receita Federal prendem dois homens por tráfico de animais silvestres'];Polícia Federal e Receita Federal prendem dois homens por tráfico de animais silvestres
74;['PF prende em flagrante homem que teria compartilhado imagens pornográficas de menor'];PF prende em flagrante homem que teria compartilhado imagens pornográficas de menor
75;['PF e BPFRON interceptam comboio com veículos carregados com cigarros contrabandeados'];PF e BPFRON interceptam comboio com veículos carregados com cigarros contrabandeados
76;['PF apreende cocaína encontrada em navio no Porto de bidos PA'];PF apreende cocaína encontrada em navio no Porto de bidos PA
77;['PF prende homem em flagrante com cédulas falsas'];PF prende homem em flagrante com cédulas falsas
78;['PF prende passageiro de voo internacional com mais de 2 kg de cocaína'];PF prende passageiro de voo internacional com mais de 2 kg de cocaína
79;['PF cumpre mandado de prisão preventiva de suspeito de cometer crimes de roubo contra os Correios'];PF cumpre mandado de prisão preventiva de suspeito de cometer crimes de roubo contra os Correios
80;['PF faz duas apreensões de cédulas falsas na região de Jales SP'];PF faz duas apreensões de cédulas falsas na região de Jales SP
81;['PF e BPFRON apreendem veículo carregado com cigarros contrabandeados'];PF e BPFRON apreendem veículo carregado com cigarros contrabandeados
82;['PF apreende mais de 12 kg de cocaína no aeroporto de Guarulhos'];PF apreende mais de 12 kg de cocaína no aeroporto de Guarulhos
83;['PF e BPFRON realizam prisão em flagrante de contrabandista'];PF e BPFRON realizam prisão em flagrante de contrabandista
84;['PF apreende 2 pick - up carregadas com cigarros contrabandeados em Guaíra PR'];PF apreende 2 pick - up carregadas com cigarros contrabandeados em Guaíra PR
85;['Líder de organização criminosa é preso no Paraguai com o apoio da PF'];Líder de organização criminosa é preso no Paraguai com o apoio da PF
86;['Dia do Papiloscopista'];Dia do Papiloscopista
87;['PF, em ação conjunta, apreende duas menores com haxixe em ônibus na BR277 no âmbito da Operação Hórus e Programa', 'VIGIA'];PF, em ação conjunta, apreende duas menores com haxixe em ônibus na BR277 no âmbito da Operação Hórus e Programa VIGIA
88;['Operação Resgate liberta mais de 100 trabalhadores em condições análogas à escravidão'];Operação Resgate liberta mais de 100 trabalhadores em condições análogas à escravidão
89;['PF e PM combatem organização criminosa especializada em roubo a bancos'];PF e PM combatem organização criminosa especializada em roubo a bancos
90;['PF combate venda e produção caseira de armas de fogo em Minas Gerais'];PF combate venda e produção caseira de armas de fogo em Minas Gerais
91;['PF e BPFRON apreendem maconha especial'];PF e BPFRON apreendem maconha especial
92;['Polícia Federal realiza maior apreensão de maconha do ano em Pernambuco'];Polícia Federal realiza maior apreensão de maconha do ano em Pernambuco
93;['PF deflagra a segunda fase da Operação Voto Livre'];PF deflagra a segunda fase da Operação Voto Livre
94;['PF combate o crime de moeda falsa no Espírito Santo'];PF combate o crime de moeda falsa no Espírito Santo
95;['Polícia Federal combate fraude a licitações no Acre'];Polícia Federal combate fraude a licitações no Acre
96;['PF deflagra a Operação Overweight para combater o tráfico internacional de drogas em São Paulo'];PF deflagra a Operação Overweight para combater o tráfico internacional de drogas em São Paulo
97;['PF, em cooperação com autoridades bolivianas, viabiliza libertação de brasileira na Bolívia'];PF, em cooperação com autoridades bolivianas, viabiliza libertação de brasileira na Bolívia
98;['PF apreende mais de 12 kg de cocaína'];PF apreende mais de 12 kg de cocaína
99;['Polícia Federal entrega ao Museu Oscar Niemeyer', 'obras apreendidas na Operação Vernissage'];Polícia Federal entrega ao Museu Oscar Niemeyer obras apreendidas na Operação Vernissage
100;['PF prende argentino procurado pela Interpol no Rio de Janeiro'];PF prende argentino procurado pela Interpol no Rio de Janeiro
101;['PF e BPFRON apreendem carga 250 kg de agrotóxicos em Terra Roxa PR'];PF e BPFRON apreendem carga 250 kg de agrotóxicos em Terra Roxa PR
102;['PF cumpre mandados de prisão de foragidos da justiça que prestaram o Enem'];PF cumpre mandados de prisão de foragidos da justiça que prestaram o Enem
103;['PF investiga desvios de recursos públicos destinados ao combate da Covid - 19 no Piauí'];PF investiga desvios de recursos públicos destinados ao combate da Covid - 19 no Piauí
104;['Polícia Federal deflagra 79 Fase da Operação', 'Lava Jato', 'Operação Vernissage'];Polícia Federal deflagra 79 Fase da Operação Lava Jato Operação Vernissage
105;['PF combate lavagem de dinheiro no Distrito Federal e em Goiás'];PF combate lavagem de dinheiro no Distrito Federal e em Goiás
106;['PF encontra diversos animais nativos em bagagem de passageiro que pretendia embarcar em voo para a Rússia'];PF encontra diversos animais nativos em bagagem de passageiro que pretendia embarcar em voo para a Rússia
107;['Polícia Federal prende foragido internacional no Aeroporto de Guarulhos'];Polícia Federal prende foragido internacional no Aeroporto de Guarulhos
108;['PF incinera 5, 5 toneladas de drogas apreendidas no Porto de Santos'];PF incinera 5, 5 toneladas de drogas apreendidas no Porto de Santos
109;['PF prende duas pessoas por comércio ilegal de armas de fogo em Roraima'];PF prende duas pessoas por comércio ilegal de armas de fogo em Roraima
110;['PF prende suspeito de assaltos a agências dos Correios no Espírito Santo'];PF prende suspeito de assaltos a agências dos Correios no Espírito Santo
111;['PF identifica 409 crimes durante apurações da Operação Cai -', 'Cai'];PF identifica 409 crimes durante apurações da Operação Cai - Cai
112;['PF atua em invasão à plataforma de petróleo em Angra RJ'];PF atua em invasão à plataforma de petróleo em Angra RJ
113;['Polícia Federal apreende carga de agrotóxicos contrabandeados e arma de fogo durante Operação Hórus em Cascavel - PR'];Polícia Federal apreende carga de agrotóxicos contrabandeados e arma de fogo durante Operação Hórus em Cascavel - PR
114;['Polícia Federal combate crime de moeda falsa no Rio Grande do Sul'];Polícia Federal combate crime de moeda falsa no Rio Grande do Sul
115;['PF apreende 25 mil micropontos da droga sintética NBOH em Varginha MG'];PF apreende 25 mil micropontos da droga sintética NBOH em Varginha MG
116;['Operação felos investiga fraudes em solicitações do Auxílio Emergencial no Acre'];Operação felos investiga fraudes em solicitações do Auxílio Emergencial no Acre
117;['Polícia Federal deflagra Operação', 'Despudor no Acre para investigar publicações de abusos sexuais de criança na internet'];Polícia Federal deflagra Operação Despudor no Acre para investigar publicações de abusos sexuais de criança na internet
118;['PF investiga esquema de venda de selos falsos no Mato Grosso'];PF investiga esquema de venda de selos falsos no Mato Grosso
119;['Polícia Federal combate desmatamento na Amazônia'];Polícia Federal combate desmatamento na Amazônia
120;['PF prende traficante foragido no Rio de Janeiro'];PF prende traficante foragido no Rio de Janeiro
121;['PF, em ação conjunta, apreende carregamento de cigarros contrabandeados'];PF, em ação conjunta, apreende carregamento de cigarros contrabandeados
122;['PF incinera 375 kg de substâncias entorpecentes no Rio Grande do Norte'];PF incinera 375 kg de substâncias entorpecentes no Rio Grande do Norte
123;['PF prende suspeito de participar de vários roubos a agências dos Correios no Espírito Santo'];PF prende suspeito de participar de vários roubos a agências dos Correios no Espírito Santo
124;['PF deflagra duas operações simultâneas visando combater a disseminação de pornografia infantil Operação Help X e Operação Infância', 'Resgatada'];PF deflagra duas operações simultâneas visando combater a disseminação de pornografia infantil Operação Help X e Operação Infância Resgatada
125;['PF combate comércio ilegal de pássaros silvestres em Minas Gerais'];PF combate comércio ilegal de pássaros silvestres em Minas Gerais
126;['PF,', 'em ação conjunta, apreende carregamento com aproximadamente 400 mil maços de cigarros contrabandeados'];PF, em ação conjunta, apreende carregamento com aproximadamente 400 mil maços de cigarros contrabandeados
127;['PF combate prática de crimes previdenciários em Pernambuco'];PF combate prática de crimes previdenciários em Pernambuco
128;['Polícia Federal prende mulheres com maconha na rodoviária de Foz do Iguaçu PR'];Polícia Federal prende mulheres com maconha na rodoviária de Foz do Iguaçu PR
129;['PF deflagra a Operação Bad Trip, para desarticular grupo criminoso especializado no tráfico de ecstasy'];PF deflagra a Operação Bad Trip, para desarticular grupo criminoso especializado no tráfico de ecstasy
130;['PF combate crime eleitoral no Acre'];PF combate crime eleitoral no Acre
131;['Polícia Federal deflagra Operação Raposo para investigar furtos de dispositivos eletrônicos em rgão público paranaense'];Polícia Federal deflagra Operação Raposo para investigar furtos de dispositivos eletrônicos em rgão público paranaense
132;['PF combate desvios de recursos públicos destinados ao combate à Covid - 19 no Piauí'];PF combate desvios de recursos públicos destinados ao combate à Covid - 19 no Piauí
133;['PF prende 2 pessoas identificadas pela receita com droga dentro de embalagens de café e remédios'];PF prende 2 pessoas identificadas pela receita com droga dentro de embalagens de café e remédios
134;['Polícia Federal cumpre mandado de prisão em desfavor de ex', '- prefeito municipal de cidade vizinha'];Polícia Federal cumpre mandado de prisão em desfavor de ex - prefeito municipal de cidade vizinha
135;['PF prende em flagrante por estelionato homem condenado por divulgar pornografia infantil'];PF prende em flagrante por estelionato homem condenado por divulgar pornografia infantil
136;['PF prende, no Rio Grande do Norte, procurado pela Justiça de Goiás'];PF prende, no Rio Grande do Norte, procurado pela Justiça de Goiás
137;['PF apreende 100 kg de cocaína no Mato Grosso'];PF apreende 100 kg de cocaína no Mato Grosso
138;['PF, em ação conjunta, apreende cocaína no Rio Juruá'];PF, em ação conjunta, apreende cocaína no Rio Juruá
139;['Polícia Federal desarticula grupo criminoso responsável por fraudes na concessão de Benefícios Previdenciários'];Polícia Federal desarticula grupo criminoso responsável por fraudes na concessão de Benefícios Previdenciários
140;['Polícia Federal combate garimpo na Terra Indígena Yanomami.'];Polícia Federal combate garimpo na Terra Indígena Yanomami.
141;['PF prende, no Rio de Janeiro, solicitante de passaporte foragido desde 2011'];PF prende, no Rio de Janeiro, solicitante de passaporte foragido desde 2011
142;['Policiais apreendem essências de narguilé e cigarros eletrônicos na região da Vila Portes, em Foz do Iguaçu PR'];Policiais apreendem essências de narguilé e cigarros eletrônicos na região da Vila Portes, em Foz do Iguaçu PR
143;['Ação integrada de órgãos federais divulga resultados da Operação Resgate nesta quinta - feira'];Ação integrada de órgãos federais divulga resultados da Operação Resgate nesta quinta - feira
144;['Policiais cumprem mandado de prisão na Ponte da Amizade'];Policiais cumprem mandado de prisão na Ponte da Amizade
145;['PF combate crime de moeda falsa no Rio Grande do Norte'];PF combate crime de moeda falsa no Rio Grande do Norte
146;['PF deflagra a segunda fase da Operação Alcatraz, denominada', 'Hemorragia'];PF deflagra a segunda fase da Operação Alcatraz, denominada Hemorragia
147;['PF, em ação integrada, realiza nova apreensão de agrotóxicos'];PF, em ação integrada, realiza nova apreensão de agrotóxicos
148;['PF e PM apreendem 450 kg de agrotóxicos em Guaíra PR'];PF e PM apreendem 450 kg de agrotóxicos em Guaíra PR
149;['PF apreende quase 8 kg de cocaína em São Paulo'];PF apreende quase 8 kg de cocaína em São Paulo
150;['Polícia Federal e Receita Federal apreendem 435 mil reais na fronteira com o Uruguai'];Polícia Federal e Receita Federal apreendem 435 mil reais na fronteira com o Uruguai
151;['Polícia Federal realiza prisão de destinatário de drogas pelos Correios'];Polícia Federal realiza prisão de destinatário de drogas pelos Correios
152;['PF combate extração ilegal de minério de ouro no Pará'];PF combate extração ilegal de minério de ouro no Pará
153;['PF,', 'no âmbito da Operação Hórus, apreende mais um carregamento de maconha'];PF, no âmbito da Operação Hórus, apreende mais um carregamento de maconha
154;['Polícia Federal deflagra Operação Cash Delivery para apurar prejuízo de 600 mil reais a clientes da Caixa Econômica Federal de Jaguarão RS'];Polícia Federal deflagra Operação Cash Delivery para apurar prejuízo de 600 mil reais a clientes da Caixa Econômica Federal de Jaguarão RS
155;['PF prende traficante holandês procurado pela Interpol no Rio de Janeiro'];PF prende traficante holandês procurado pela Interpol no Rio de Janeiro
156;['PF combate divulgação de pornografia infantojuvenil pela internet'];PF combate divulgação de pornografia infantojuvenil pela internet
157;['PF extradita da Espanha procurada pela Interpol'];PF extradita da Espanha procurada pela Interpol
158;['PF investiga desvio de recursos públicos destinados ao custeio de centros de educação infantil e creches'];PF investiga desvio de recursos públicos destinados ao custeio de centros de educação infantil e creches
159;['Polícia Federal prende foragido da Justiça de Santa Catarina'];Polícia Federal prende foragido da Justiça de Santa Catarina
160;['PF remove líder de facção criminosa para presídio federal'];PF remove líder de facção criminosa para presídio federal
161;['PF prende suspeito de disseminação de pornografia infantil na internet'];PF prende suspeito de disseminação de pornografia infantil na internet
162;['Publicado edital do concurso da Polícia Federal'];Publicado edital do concurso da Polícia Federal
163;['PF, em ação conjunta com a PRF, apreendeu grande quantidade de cigarros no Litoral Sul', 'Potiguar'];PF, em ação conjunta com a PRF, apreendeu grande quantidade de cigarros no Litoral Sul Potiguar
164;['PF prende por uso de documentos falsos'];PF prende por uso de documentos falsos
165;['PF, em ação conjunta, deflagrou a Operação Festa Branca em Rondônia'];PF, em ação conjunta, deflagrou a Operação Festa Branca em Rondônia
166;['PF desarticula grupo criminoso especializado em tráfico de drogas em Pernambuco'];PF desarticula grupo criminoso especializado em tráfico de drogas em Pernambuco
167;['PF prende por saques de benefícios fraudulentos do INSS'];PF prende por saques de benefícios fraudulentos do INSS
168;['PF deflagra mais uma fase da Operação Pesadelo no Espirito Santo'];PF deflagra mais uma fase da Operação Pesadelo no Espirito Santo
169;['PF prende quatro pessoas por tráfico de drogas em Roraima'];PF prende quatro pessoas por tráfico de drogas em Roraima
170;['PF participa de visita a entidades estadunidenses responsáveis pelo combate ao tráfico de madeiras'];PF participa de visita a entidades estadunidenses responsáveis pelo combate ao tráfico de madeiras
171;['PF apreende embarcação preparada para o transporte de ilícitos'];PF apreende embarcação preparada para o transporte de ilícitos
172;['OPERA', 'O H RUS PF apreende aproximadamente 250 mil maços de cigarros contrabandeados no Paraná'];OPERA O H RUS PF apreende aproximadamente 250 mil maços de cigarros contrabandeados no Paraná
173;['PF deflagra operação', 'Tantos no combate ao crime de compra de votos no Ceará'];PF deflagra operação Tantos no combate ao crime de compra de votos no Ceará
174;['PF apreende uma tonelada de maconha no Paraná'];PF apreende uma tonelada de maconha no Paraná
175;['PF cumpre mandado de prisão temporária de distribuidor de células falsas'];PF cumpre mandado de prisão temporária de distribuidor de células falsas
176;['Polícia Federal realiza extradição de cidadão paraguaio, com destino à cidade de Buenos Aires Argentina'];Polícia Federal realiza extradição de cidadão paraguaio, com destino à cidade de Buenos Aires Argentina
177;['Polícia Federal realiza primeira apreensão de cocaína do ano de 2021 no aeroporto internacional dos Guararapes'];Polícia Federal realiza primeira apreensão de cocaína do ano de 2021 no aeroporto internacional dos Guararapes
178;['PF participa da Operação Concórdia para combater tráfico de drogas e armas no Rio Grande do Norte'];PF participa da Operação Concórdia para combater tráfico de drogas e armas no Rio Grande do Norte
179;['PF apreende mais de uma tonelada de maconha'];PF apreende mais de uma tonelada de maconha
180;['PF e BPFRON apreendem dois veículos carregados com cigarros paraguaios'];PF e BPFRON apreendem dois veículos carregados com cigarros paraguaios
181;['PF e BPFRON apreendem carreta bi - trem carregada com cigarros contrabandeados'];PF e BPFRON apreendem carreta bi - trem carregada com cigarros contrabandeados
182;['PF e BPFRON apreendem três veículos carregados com cigarros paraguaios'];PF e BPFRON apreendem três veículos carregados com cigarros paraguaios
183;['PF apreende droga despachada pelos Correios'];PF apreende droga despachada pelos Correios
184;['PF prende foragido da Justiça em Redenção PA'];PF prende foragido da Justiça em Redenção PA
185;['PF prende passageiros com droga fixada ao corpo e dentro de embalagens de produtos'];PF prende passageiros com droga fixada ao corpo e dentro de embalagens de produtos
186;['PF e BPFRON apreendem carregamento de cigarros contrabandeados em Terra Roxa PR'];PF e BPFRON apreendem carregamento de cigarros contrabandeados em Terra Roxa PR
187;['PF prende passageiro com droga oculta em fundo falso de mala'];PF prende passageiro com droga oculta em fundo falso de mala
188;['PF deflagra a Operação Hermano para apurar esquema de corrupção em Iracema RR'];PF deflagra a Operação Hermano para apurar esquema de corrupção em Iracema RR
189;['Polícia Federal combate crime de aquisição de moeda falsa em Alagoas'];Polícia Federal combate crime de aquisição de moeda falsa em Alagoas
190;['Policiais apreendem veículo carregado com eletrônicos em Foz do Iguaçu PR'];Policiais apreendem veículo carregado com eletrônicos em Foz do Iguaçu PR
191;['Polícia Federal prende homem que adquiriu cédulas falsas em redes sociais'];Polícia Federal prende homem que adquiriu cédulas falsas em redes sociais
192;['Polícia Federal e Marinha do Brasil realizam ações de cooperação internacional para interceptar embarcação carregada com cocaína'];Polícia Federal e Marinha do Brasil realizam ações de cooperação internacional para interceptar embarcação carregada com cocaína
193;['PF prende acusado de homicídio por meio de cooperação policial internacional'];PF prende acusado de homicídio por meio de cooperação policial internacional
194;['Polícia Federal combate o crime de descaminho no Rio Grande do Sul'];Polícia Federal combate o crime de descaminho no Rio Grande do Sul
195;['Polícia Federal e BPFRON prendem motorista com caminhão carregado com cigarros paraguaios'];Polícia Federal e BPFRON prendem motorista com caminhão carregado com cigarros paraguaios
196;['Polícia Federal e Marinha do Brasil trazem até a costa de Pernambuco veleiro interceptado com drogas no mar territorial brasileiro'];Polícia Federal e Marinha do Brasil trazem até a costa de Pernambuco veleiro interceptado com drogas no mar territorial brasileiro
197;['Operação Kambaí combate a prática de crimes ambientais em terra indígena'];Operação Kambaí combate a prática de crimes ambientais em terra indígena
198;['Polícia Federal apreende cerca de meia tonelada de cocaína em avião no aeroporto de Salvador BA'];Polícia Federal apreende cerca de meia tonelada de cocaína em avião no aeroporto de Salvador BA
199;['PF incinera 140 kg de droga em Cruzeiro do Sul'];PF incinera 140 kg de droga em Cruzeiro do Sul
200;['PF deflagra Operação Creeper para combater fraudes bancárias no Espírito Santo'];PF deflagra Operação Creeper para combater fraudes bancárias no Espírito Santo
201;['PF prendeu homem que recebeu R 1 mil em cédulas falsas pelos Correios'];PF prendeu homem que recebeu R 1 mil em cédulas falsas pelos Correios
202;['Polícia Federal e SENAD reiniciam a Operação Nova Aliança para erradicar cultivos de Cannabis'];Polícia Federal e SENAD reiniciam a Operação Nova Aliança para erradicar cultivos de Cannabis
203;['PF deflagra Operação', 'Reagente II para apurar desvios de recursos públicos destinados ao enfrentamento à COVID - 19 em Arraial PI e Isaías Coelho PI'];PF deflagra Operação Reagente II para apurar desvios de recursos públicos destinados ao enfrentamento à COVID - 19 em Arraial PI e Isaías Coelho PI
204;['PF investiga pessoa que atuava ilegalmente como psicólogo em Rondônia'];PF investiga pessoa que atuava ilegalmente como psicólogo em Rondônia
205;['Polícia Federal prende mulher com notas falsas'];Polícia Federal prende mulher com notas falsas
206;['Polícia Federal cumpre mandados de busca e apreensão em Campo Grande MS'];Polícia Federal cumpre mandados de busca e apreensão em Campo Grande MS
207;['PF realiza transporte e incineração de mais de 9 mil quilos de drogas'];PF realiza transporte e incineração de mais de 9 mil quilos de drogas
208;['PF combate tráfico internacional de drogas no Pará'];PF combate tráfico internacional de drogas no Pará
209;['Policiais federais e policiais civis apreendem maconha na região do Lago Itaipu em Entre Rios do Oeste PR'];Policiais federais e policiais civis apreendem maconha na região do Lago Itaipu em Entre Rios do Oeste PR
210;['PF combate crime organizado na fronteira com a Guiana Francesa'];PF combate crime organizado na fronteira com a Guiana Francesa
211;['PF e BPFRON apreende mais três caminhões carregados de cigarros contrabandeados em Guaíra PR'];PF e BPFRON apreende mais três caminhões carregados de cigarros contrabandeados em Guaíra PR
212;['PF apreende cocaína dentro de embalagens de creme de cebolas e cumpre mandado de prisão em desfavor de ex - policial'];PF apreende cocaína dentro de embalagens de creme de cebolas e cumpre mandado de prisão em desfavor de ex - policial
213;['PF apreende mais de cinco quilos de cocaína dentro de casacos e em revestimento de mala'];PF apreende mais de cinco quilos de cocaína dentro de casacos e em revestimento de mala
214;['PF combate o tráfico de drogas no Acre'];PF combate o tráfico de drogas no Acre
215;['PF combate disseminação de pornografia com conteúdo infantojuvenil'];PF combate disseminação de pornografia com conteúdo infantojuvenil
216;['Polícia Federal deflagra, em Alagoas, mais uma fase de Operação Inocência', 'Compartilhada', '2'];Polícia Federal deflagra, em Alagoas, mais uma fase de Operação Inocência Compartilhada 2
217;['Polícia Federal deflagra Operação UFR GIO para investigar esquema de crimes eleitorais no Rio de Janeiro.'];Polícia Federal deflagra Operação UFR GIO para investigar esquema de crimes eleitorais no Rio de Janeiro.
218;['PF desmantela grupo criminoso especializado no contrabando de cigarros de origem paraguaia'];PF desmantela grupo criminoso especializado no contrabando de cigarros de origem paraguaia
219;['Operação Quinta Coluna reprime célula criminosa envolvida com tráfico de drogas em aeronaves da FAB'];Operação Quinta Coluna reprime célula criminosa envolvida com tráfico de drogas em aeronaves da FAB
220;['PF em ação conjunta com a Receita apreende droga e petrechos para arma de fogo'];PF em ação conjunta com a Receita apreende droga e petrechos para arma de fogo
221;['PF resgata brasileiras vítimas de tráfico humano na Bolívia'];PF resgata brasileiras vítimas de tráfico humano na Bolívia
222;['Polícia Federal incinera mais de meia tonelada de drogas em Tabatinga'];Polícia Federal incinera mais de meia tonelada de drogas em Tabatinga
223;['Polícia Federal deflagra Operação', 'Ponto', 'Final', 'II'];Polícia Federal deflagra Operação Ponto Final II
224;['Polícia Federal prende homem com notas falsas'];Polícia Federal prende homem com notas falsas
225;['PF prende mulher em flagrante por tráfico de drogas'];PF prende mulher em flagrante por tráfico de drogas
226;['Polícia Federal incinera aproximadamente meia tonelada de drogas no Acre'];Polícia Federal incinera aproximadamente meia tonelada de drogas no Acre
227;['Polícia Federal combate fraude em licenças minerais e ambientais'];Polícia Federal combate fraude em licenças minerais e ambientais
228;['Polícia Federal deflagra Operação Fiscela para reprimir crimes contra a Previdência Social'];Polícia Federal deflagra Operação Fiscela para reprimir crimes contra a Previdência Social
229;['Polícia Federal prende quatro pessoas em flagrante por descaminho em Foz do Iguaçu PR'];Polícia Federal prende quatro pessoas em flagrante por descaminho em Foz do Iguaçu PR
230;['PF e BPFRON apreendem veículos e cigarro contrabandeado'];PF e BPFRON apreendem veículos e cigarro contrabandeado
231;['Polícia Federal e GEFRON AC realizaram apreensão de mais de R 60 mil'];Polícia Federal e GEFRON AC realizaram apreensão de mais de R 60 mil
232;['PF e BPFRON apreendem um veículo carregado com cigarros de origem paraguaia'];PF e BPFRON apreendem um veículo carregado com cigarros de origem paraguaia
233;['Polícia Federal prende quatro pessoas por promoção de migração ilegal na fronteira com a Guiana.'];Polícia Federal prende quatro pessoas por promoção de migração ilegal na fronteira com a Guiana.
234;['Polícia Federal reprime invasão de terras no Amapá'];Polícia Federal reprime invasão de terras no Amapá
235;['Nota à imprensa'];Nota à imprensa
236;['Polícia Federal combate crime de moeda falsa em Bagé RS'];Polícia Federal combate crime de moeda falsa em Bagé RS
237;['PF deflagra Operação Hydra para investigar obtenção fraudulenta de benefício social'];PF deflagra Operação Hydra para investigar obtenção fraudulenta de benefício social
238;['Policiais prendem em flagrante duas pessoas, na rodoviária de Céu Azul PR, com fuzis e carregadores'];Policiais prendem em flagrante duas pessoas, na rodoviária de Céu Azul PR, com fuzis e carregadores
239;['A Polícia Federal desarticula esquema de desvios de Recursos do Fundo Municipal de Saúde em Araguaína TO.'];A Polícia Federal desarticula esquema de desvios de Recursos do Fundo Municipal de Saúde em Araguaína TO.
240;['PF apura extravio de respiradores da Santa Casa de Montes Claros MG'];PF apura extravio de respiradores da Santa Casa de Montes Claros MG
241;['Polícia Federal já prendeu doze procurados internacionais em 2021'];Polícia Federal já prendeu doze procurados internacionais em 2021
242;['PF deflagra a Operação Papel Branco e desarticula esquema de emissão de laudos fraudulentos em Minas Gerais'];PF deflagra a Operação Papel Branco e desarticula esquema de emissão de laudos fraudulentos em Minas Gerais
243;['PF prende foragido da Justiça em Minas Gerais'];PF prende foragido da Justiça em Minas Gerais
244;['Polícia Federal e Polícia Militar de São Paulo realizam a apreensão de mais de 180 quilos de pasta base de cocaína'];Polícia Federal e Polícia Militar de São Paulo realizam a apreensão de mais de 180 quilos de pasta base de cocaína
245;['PF recupera peças arqueológicas estrangeiras'];PF recupera peças arqueológicas estrangeiras
246;['PF desarticula organização criminosa voltada ao tráfico de drogas e crimes violentos nos estados do Acre e Mato Grosso do Sul'];PF desarticula organização criminosa voltada ao tráfico de drogas e crimes violentos nos estados do Acre e Mato Grosso do Sul
247;['PF deflagra operação', 'Desmascarados para apurar possíveis fraudes em licitação no RJ'];PF deflagra operação Desmascarados para apurar possíveis fraudes em licitação no RJ
248;['PF apreende droga dentro de latas de compota de frutas'];PF apreende droga dentro de latas de compota de frutas
249;['PF combate fraude fundiária no Amapá'];PF combate fraude fundiária no Amapá
250;['PF e TIGRE PCPR apreendem três embarcações no Rio Paraná'];PF e TIGRE PCPR apreendem três embarcações no Rio Paraná
251;['PF prende homem quando recebia cocaína via Correios em Natal RN'];PF prende homem quando recebia cocaína via Correios em Natal RN
252;['PF deflagra a terceira fase da Operação Bad Trip'];PF deflagra a terceira fase da Operação Bad Trip
253;['PF combate fraudes em licitações, corrupção e desvios de recursos públicos em prefeitura do RN'];PF combate fraudes em licitações, corrupção e desvios de recursos públicos em prefeitura do RN
254;['Polícia Federal e Interpol prendem foragidos da Operação Enterprise'];Polícia Federal e Interpol prendem foragidos da Operação Enterprise
255;['PF apreendeu 32 quilos de cocaína dentro de prumos de construção'];PF apreendeu 32 quilos de cocaína dentro de prumos de construção
256;['PF e BPFRON apreendem carregadores de arma de fogo em Santa Terezinha de Itaipu PR, no âmbito da Operação Hórus e Programa', 'VIGIA'];PF e BPFRON apreendem carregadores de arma de fogo em Santa Terezinha de Itaipu PR, no âmbito da Operação Hórus e Programa VIGIA
257;['PF, em ação integrada, combate o tráfico de drogas em Roraima'];PF, em ação integrada, combate o tráfico de drogas em Roraima
258;['PF combate fraude em auxílios emergenciais'];PF combate fraude em auxílios emergenciais
259;['PF combate a comercialização de cigarros contrabandeados'];PF combate a comercialização de cigarros contrabandeados
260;['Polícia Federal, em ação conjunta com a Polícia Militar, apreendeu mais de 3 kg de cocaína'];Polícia Federal, em ação conjunta com a Polícia Militar, apreendeu mais de 3 kg de cocaína
261;['PF,', 'em operação conjunta com a Polícia Militar BEPI realiza erradicação de 1.', '600 pés de maconha na zona rural do município de Orocó PE'];PF, em operação conjunta com a Polícia Militar BEPI realiza erradicação de 1. 600 pés de maconha na zona rural do município de Orocó PE
262;['PF desarticula organização criminosa volta à lavagem de dinheiro oriundo do tráfico de drogas'];PF desarticula organização criminosa volta à lavagem de dinheiro oriundo do tráfico de drogas
263;['PF deflagra Operação', 'A - 21 para combater a disseminação de pornografia infantojuvenil'];PF deflagra Operação A - 21 para combater a disseminação de pornografia infantojuvenil
264;['PF deflagra Operação Faraó para combater tráfico de drogas sintéticas no Espírito Santo'];PF deflagra Operação Faraó para combater tráfico de drogas sintéticas no Espírito Santo
265;['Polícia Federal deflagra Operação Lavaggio para apurar crime de lavagem de dinheiro decorrente de tráfico internacional de drogas'];Polícia Federal deflagra Operação Lavaggio para apurar crime de lavagem de dinheiro decorrente de tráfico internacional de drogas
266;['PF, em ação integrada, apreende caminhão carregado com cigarros contrabandeados'];PF, em ação integrada, apreende caminhão carregado com cigarros contrabandeados
267;['Polícia Federal cumpre mandado de prisão em Pernambuco contra um foragido italiano'];Polícia Federal cumpre mandado de prisão em Pernambuco contra um foragido italiano
268;['PF deflagra operação para investigar desvios de verbas do SUS em Timbaúba PE'];PF deflagra operação para investigar desvios de verbas do SUS em Timbaúba PE
269;['PF apreende cerca de 170 de cocaína no Porto de Paranaguá'];PF apreende cerca de 170 de cocaína no Porto de Paranaguá
270;['PF e BPFRON apreende carregamento de cigarros paraguaios.'];PF e BPFRON apreende carregamento de cigarros paraguaios.
271;['PF, em parceria com a FICCO Uberaba e PMRE Iturama - MG, realiza apreensão de aproximadamente uma tonelada de maconha'];PF, em parceria com a FICCO Uberaba e PMRE Iturama - MG, realiza apreensão de aproximadamente uma tonelada de maconha
272;['Polícia Federal apreende caminhão com grande carga de crack'];Polícia Federal apreende caminhão com grande carga de crack
273;['PF apreende 6 kg de droga em frascos de perfumes'];PF apreende 6 kg de droga em frascos de perfumes
274;['PF e BPFRON apreendem um veículo carregado com contrabando'];PF e BPFRON apreendem um veículo carregado com contrabando
275;['PF combate crime de moeda falsa no Acre'];PF combate crime de moeda falsa no Acre
276;['PF apreende 600 kg de maconha em Campo Grande MS'];PF apreende 600 kg de maconha em Campo Grande MS
277;['PF deflagra Operação Veneza em São Paulo'];PF deflagra Operação Veneza em São Paulo
278;['PF combate fraudes bancárias no Pará'];PF combate fraudes bancárias no Pará
279;['PF e BPFRON apreende dois veículos carregados com cigarros paraguaios'];PF e BPFRON apreende dois veículos carregados com cigarros paraguaios
280;['Polícia Federal prende mulher com notas falsas'];Polícia Federal prende mulher com notas falsas
281;['PF e BPFRON apreendem quatro veículos carregados com cigarros paraguaios'];PF e BPFRON apreendem quatro veículos carregados com cigarros paraguaios
282;['PF, em ação integrada, apreende cerca de 50 mil maços de cigarros paraguaios'];PF, em ação integrada, apreende cerca de 50 mil maços de cigarros paraguaios
283;['PF e BPFRON apreendem oito veículos carregados com cigarros paraguaios'];PF e BPFRON apreendem oito veículos carregados com cigarros paraguaios
284;['PF e BPFRON apreendem dois veículos carregados com cigarros paraguaios'];PF e BPFRON apreendem dois veículos carregados com cigarros paraguaios
285;['PF incinera mais de 8 mil quilos de drogas apreendidas na circunscrição de Araraquara SP'];PF incinera mais de 8 mil quilos de drogas apreendidas na circunscrição de Araraquara SP
286;['PF investiga crime de usurpação de cargo público em Sorocaba SP'];PF investiga crime de usurpação de cargo público em Sorocaba SP
287;['Polícia Federal deflagra a maior ação de combate a fraudes contra benefícios emergenciais'];Polícia Federal deflagra a maior ação de combate a fraudes contra benefícios emergenciais
288;['PF apreende carga de 220kg de cocaína no Porto de Paranaguá'];PF apreende carga de 220kg de cocaína no Porto de Paranaguá
289;['PF apreende grande quantidade de cocaína na Zona Norte do Rio de Janeiro'];PF apreende grande quantidade de cocaína na Zona Norte do Rio de Janeiro
290;['Polícia Federal deflagra', '80', 'Fase da Operação Lava Jato -', 'Operação PSEUDEIA'];Polícia Federal deflagra 80 Fase da Operação Lava Jato - Operação PSEUDEIA
291;['PF combate esquema de fraudes contra o sistema previdenciário em MT'];PF combate esquema de fraudes contra o sistema previdenciário em MT
292;['PF, em ação integrada combate fraudes em receitas médicas'];PF, em ação integrada combate fraudes em receitas médicas
293;['PF desarticula associação voltada à prática do crime de tráfico de drogas'];PF desarticula associação voltada à prática do crime de tráfico de drogas
294;['Polícia Federal deflagra Operação Pronta', 'Emergência para combater desvios de recursos públicos no Rio de Janeiro'];Polícia Federal deflagra Operação Pronta Emergência para combater desvios de recursos públicos no Rio de Janeiro
295;['PF combate a prática de crimes eleitorais em Campina Grande PB'];PF combate a prática de crimes eleitorais em Campina Grande PB
296;['PF realiza operação de combate a fraudes em licitações e desvio de verbas públicas no Sudoeste baiano'];PF realiza operação de combate a fraudes em licitações e desvio de verbas públicas no Sudoeste baiano
297;['PF apreende droga dentro de frascos de medicamento'];PF apreende droga dentro de frascos de medicamento
298;['Polícia Federal incinera 7, 3 toneladas de drogas em Três Lagoas MS'];Polícia Federal incinera 7, 3 toneladas de drogas em Três Lagoas MS
299;['PF e Força Integrada deflagram Operação Fronteira', 'Fechada contra o tráfico de drogas no Acre'];PF e Força Integrada deflagram Operação Fronteira Fechada contra o tráfico de drogas no Acre
300;['PF, em ação integrada, desarticula organização criminosa voltada ao tráfico de drogas'];PF, em ação integrada, desarticula organização criminosa voltada ao tráfico de drogas
301;['PF realiza a primeira incineração de drogas do ano em Guaíra PR'];PF realiza a primeira incineração de drogas do ano em Guaíra PR
302;['PF investiga possível crime de comércio ilegal de pedras preciosas'];PF investiga possível crime de comércio ilegal de pedras preciosas
303;['PF e BPFRON apreendem embarcação abandonada no Rio Iguaçu, no âmbito da Operação Hórus e Programa', 'VIGIA'];PF e BPFRON apreendem embarcação abandonada no Rio Iguaçu, no âmbito da Operação Hórus e Programa VIGIA
304;['Operação Palha Grande desarticula esquema de fraudes contra o INSS no Recôncavo Baiano'];Operação Palha Grande desarticula esquema de fraudes contra o INSS no Recôncavo Baiano
305;['Polícia Federal prende homem com 2 mil reais em cédulas falsas recebidas pelos Correios em Foz do Iguaçu PR'];Polícia Federal prende homem com 2 mil reais em cédulas falsas recebidas pelos Correios em Foz do Iguaçu PR
306;['Operação Advenus combate crime de promoção de migração ilegal no Acre'];Operação Advenus combate crime de promoção de migração ilegal no Acre
307;['PF prende em Natal britânico procurado pela Interpol'];PF prende em Natal britânico procurado pela Interpol
308;['Operação Lux combate fraude em fundo municipal previdenciário de Luziânia GO'];Operação Lux combate fraude em fundo municipal previdenciário de Luziânia GO
309;['Polícia Federal prende liderança de facção criminosa'];Polícia Federal prende liderança de facção criminosa
310;['PF e Receita apreendem 9 kg de cocaína ocultos nas estruturas de malas de viagem'];PF e Receita apreendem 9 kg de cocaína ocultos nas estruturas de malas de viagem
311;['Polícia Federal combate crimes eleitorais em Oiapoque'];Polícia Federal combate crimes eleitorais em Oiapoque
312;['Polícia Federal apreende helicóptero com grande carga de cocaína'];Polícia Federal apreende helicóptero com grande carga de cocaína
313;['PF cumpre mandado de prisão expedido pelo STJ'];PF cumpre mandado de prisão expedido pelo STJ
314;['Polícia Federal deflagra operação de combate ao contrabando de cigarros na região norte do Estado do Rio Grande do Sul'];Polícia Federal deflagra operação de combate ao contrabando de cigarros na região norte do Estado do Rio Grande do Sul
315;['PF e BPFRON apreendem carreta bi - trem carregada com cigarros contrabandeados'];PF e BPFRON apreendem carreta bi - trem carregada com cigarros contrabandeados
316;['Polícia Federal incinera, em Ponta Porã, 12 toneladas de entorpecentes com apoio da Força Nacional'];Polícia Federal incinera, em Ponta Porã, 12 toneladas de entorpecentes com apoio da Força Nacional
317;['PF apreende 246 kg de maconha e 36 sacos de skank no Mato Grosso'];PF apreende 246 kg de maconha e 36 sacos de skank no Mato Grosso
318;['PF deflagra Operação Manzana para combater ilegalidades em vendas de aparelhos eletrônicos em Pernambuco'];PF deflagra Operação Manzana para combater ilegalidades em vendas de aparelhos eletrônicos em Pernambuco
319;['PF apreende cerca de 500 comprimidos de ecstasy no interior do RN'];PF apreende cerca de 500 comprimidos de ecstasy no interior do RN
320;['PF apreende 31 kg de cocaína na Rodovia', 'Presidente Dutra'];PF apreende 31 kg de cocaína na Rodovia Presidente Dutra
321;['PF deflagra a Operação Dotted Roses para combater os crimes de produção de conteúdo com pornografia infantojuvenil e exploração sexual de crianças'];PF deflagra a Operação Dotted Roses para combater os crimes de produção de conteúdo com pornografia infantojuvenil e exploração sexual de crianças
322;['Polícia Federal e BPFRON apreendem dois veículos carregados com cigarros contrabandeados.'];Polícia Federal e BPFRON apreendem dois veículos carregados com cigarros contrabandeados.
323;['PF prende mulher portando 14 kg de maconha no Aeroporto de Fortaleza'];PF prende mulher portando 14 kg de maconha no Aeroporto de Fortaleza
324;['PF prende duas pessoas por invadir terras públicas no Mato Grosso'];PF prende duas pessoas por invadir terras públicas no Mato Grosso
325;['PF combate o tráfico de drogas e a lavagem de dinheiro em Sergipe'];PF combate o tráfico de drogas e a lavagem de dinheiro em Sergipe
326;['PF encerra atividade de rádio clandestina em Nova Xavantina MT'];PF encerra atividade de rádio clandestina em Nova Xavantina MT
327;['PF deflagra Operação Argos para investigar desvios de dinheiro público em contratos de cerca de R 10 milhões em Pacaraima RR'];PF deflagra Operação Argos para investigar desvios de dinheiro público em contratos de cerca de R 10 milhões em Pacaraima RR
328;['PF viabiliza a travessia de tripulantes terrestres detidos em fronteira entre Brasil e Peru'];PF viabiliza a travessia de tripulantes terrestres detidos em fronteira entre Brasil e Peru
329;['PF combate disseminação de pornografia infantojuvenil pela internet'];PF combate disseminação de pornografia infantojuvenil pela internet
330;['Polícia Federal prende no Ceará homem foragido do Sistema Prisional do RN'];Polícia Federal prende no Ceará homem foragido do Sistema Prisional do RN
331;['Polícia Federal combate fraude à licitação no Amapá'];Polícia Federal combate fraude à licitação no Amapá
332;['PF combate crime de evasão de divisas no Acre'];PF combate crime de evasão de divisas no Acre
333;['PF apreende agasalhos recheados com cocaína'];PF apreende agasalhos recheados com cocaína
334;['PF combate tráfico de armas em Oiapoque', 'AP'];PF combate tráfico de armas em Oiapoque AP
335;['PF,', 'em ação conjunta com a Receita, apreende mais de 45 kg de cocaína'];PF, em ação conjunta com a Receita, apreende mais de 45 kg de cocaína
336;['Polícia Federal comemora 77 anos'];Polícia Federal comemora 77 anos
337;['Polícia Federal combate extração ilegal de minério'];Polícia Federal combate extração ilegal de minério
338;['PF apura suposta importação de vacinas contra covid - 19'];PF apura suposta importação de vacinas contra covid - 19
339;['Polícia Federal e Receita Federal apreendem 3, 5 quilos de skunk na fronteira com o Uruguai'];Polícia Federal e Receita Federal apreendem 3, 5 quilos de skunk na fronteira com o Uruguai
340;['Polícia Federal deflagra Operação Caixa 38'];Polícia Federal deflagra Operação Caixa 38
341;['Policiais apreendem veículo carregado com cigarros em Itaipulândia PR'];Policiais apreendem veículo carregado com cigarros em Itaipulândia PR
342;['Policiais federais e policiais militares do BPFRON prendem indivíduo em flagrante por contrabando, em Medianeira PR'];Policiais federais e policiais militares do BPFRON prendem indivíduo em flagrante por contrabando, em Medianeira PR
343;['Polícia Federal participa de ação internacional que resultou na apreensão de 6 toneladas de cocaína'];Polícia Federal participa de ação internacional que resultou na apreensão de 6 toneladas de cocaína
344;['PF apreende cerca de 4, 5 mil maços de cigarros de origem paraguaia'];PF apreende cerca de 4, 5 mil maços de cigarros de origem paraguaia
345;['Polícia Federal participa de visita técnica ao Porto de Cabedelo PB'];Polícia Federal participa de visita técnica ao Porto de Cabedelo PB
346;['Polícia Federal apreende cigarros contrabandeados na fronteira com o Paraguai'];Polícia Federal apreende cigarros contrabandeados na fronteira com o Paraguai
347;['Polícia Federal desarticula grupo criminoso responsável por falsa oferta de venda de vacinas para o Ministério da Saúde'];Polícia Federal desarticula grupo criminoso responsável por falsa oferta de venda de vacinas para o Ministério da Saúde
348;['Policiais apreendem caminhão carregado com cigarros e duas embarcações em Santa Helena PR'];Policiais apreendem caminhão carregado com cigarros e duas embarcações em Santa Helena PR
349;['Polícia Federal deflagra Operação', 'Ianomâmi 709 de combate', 'o garimpo ilegal em Roraima'];Polícia Federal deflagra Operação Ianomâmi 709 de combate o garimpo ilegal em Roraima
350;['PF prende no Brasil um dos criminosos mais procurados do Paraguai'];PF prende no Brasil um dos criminosos mais procurados do Paraguai
351;['Polícia Federal deflagra operação para combater falsificação de dinheiro em onze Estados'];Polícia Federal deflagra operação para combater falsificação de dinheiro em onze Estados
352;['Polícia Federal participa da Operação Trigger VI promovida pela INTERPOL'];Polícia Federal participa da Operação Trigger VI promovida pela INTERPOL
353;['PF e BPFRON', 'PMPR prendem homem com mandado de prisão em aberto pelo crime de roubo'];PF e BPFRON PMPR prendem homem com mandado de prisão em aberto pelo crime de roubo
354;['PF investiga comercialização e aplicação de vacinas contra Covid - 19 de origem ilícita'];PF investiga comercialização e aplicação de vacinas contra Covid - 19 de origem ilícita
355;['Polícia Federal deflagra operação contra grupo criminoso ligado ao tráfico de entorpecentes'];Polícia Federal deflagra operação contra grupo criminoso ligado ao tráfico de entorpecentes
356;['PF apreende drogas no Porto de Santos'];PF apreende drogas no Porto de Santos
357;['Polícia Federal deflagra segunda fase de Operação Denarius para combater crimes de moeda falsa'];Polícia Federal deflagra segunda fase de Operação Denarius para combater crimes de moeda falsa
358;['Polícia Federal prende foragido da justiça uruguaia'];Polícia Federal prende foragido da justiça uruguaia
359;['Polícia Federal apreende pneus estrangeiros em Missal PR'];Polícia Federal apreende pneus estrangeiros em Missal PR
360;['Polícia Federal realiza operação de incineração de droga'];Polícia Federal realiza operação de incineração de droga
361;['PF e BPFRON apreendem veículos com cigarros contrabandeados em Guaíra PR'];PF e BPFRON apreendem veículos com cigarros contrabandeados em Guaíra PR
362;['PF prende suspeito de fraudes à Caixa Econômica Federal'];PF prende suspeito de fraudes à Caixa Econômica Federal
363;['PF, com o apoio da Polícia Militar PE, prende estrangeiro foragido da justiça portuguesa'];PF, com o apoio da Polícia Militar PE, prende estrangeiro foragido da justiça portuguesa
364;['PF deflagra Operação Anóxia, para investigar possível fraude na concessão e recebimento de bolsas de estudo em universidade'];PF deflagra Operação Anóxia, para investigar possível fraude na concessão e recebimento de bolsas de estudo em universidade
365;['PF apreende 2 kg de cocaína no Aeroporto Internacional de São Paulo'];PF apreende 2 kg de cocaína no Aeroporto Internacional de São Paulo
366;['Polícia Federal investiga desvio de recursos do Fundo Eleitoral no Amapá'];Polícia Federal investiga desvio de recursos do Fundo Eleitoral no Amapá
367;['Foragido da Justiça do Rio Grande do Sul', 'é extraditado do Uruguai para o Brasil'];Foragido da Justiça do Rio Grande do Sul é extraditado do Uruguai para o Brasil
368;['Polícia Federal prende mulher especializada em realizar furtos em bagagens de passageiros em aeroportos'];Polícia Federal prende mulher especializada em realizar furtos em bagagens de passageiros em aeroportos
369;['PF deflagra 2 operações em Mato Grosso para combater comercialização ilegal de ouro'];PF deflagra 2 operações em Mato Grosso para combater comercialização ilegal de ouro
370;['PF combate tráfico internacional de drogas'];PF combate tráfico internacional de drogas
371;['Polícia Federal deflagra operação para combater fraudes no Auxílio Emergencial e Precatórios Judiciais em Mato Grosso e em outros 11 Estados'];Polícia Federal deflagra operação para combater fraudes no Auxílio Emergencial e Precatórios Judiciais em Mato Grosso e em outros 11 Estados
372;['PF, em ação integrada, prende em flagrante um homem pela venda de medicamento de comercialização restrita'];PF, em ação integrada, prende em flagrante um homem pela venda de medicamento de comercialização restrita
373;['PF apreende mais de R 90 mil na fronteira do Brasil com a Bolívia'];PF apreende mais de R 90 mil na fronteira do Brasil com a Bolívia
374;['Polícia Federal apreende 440 kg de droga no Porto de Santos SP'];Polícia Federal apreende 440 kg de droga no Porto de Santos SP
375;['PF deflagra Operação Constantino para investigar invasões e queimadas em terras da União no Amazonas'];PF deflagra Operação Constantino para investigar invasões e queimadas em terras da União no Amazonas
376;['PF incinera 480 kg de drogas no Cariri'];PF incinera 480 kg de drogas no Cariri
377;['Polícia Federal deflagra operação de combate ao tráfico de drogas na Bahia'];Polícia Federal deflagra operação de combate ao tráfico de drogas na Bahia
378;['Polícia Federal deflagra a segunda fase da Operação Quinino'];Polícia Federal deflagra a segunda fase da Operação Quinino
379;['Polícia Federal interrompe remessa de moeda falsa no Amapá'];Polícia Federal interrompe remessa de moeda falsa no Amapá
380;['PF combate furtos contra a Caixa Econômica Federal em Chapecó SC'];PF combate furtos contra a Caixa Econômica Federal em Chapecó SC
381;['Polícia Federal realiza incursão de combate ao tráfico de drogas em Recife PE'];Polícia Federal realiza incursão de combate ao tráfico de drogas em Recife PE
382;['Polícia Federal desarticula organização criminosa voltada para o tráfico de drogas e fabricação de cédulas falsas'];Polícia Federal desarticula organização criminosa voltada para o tráfico de drogas e fabricação de cédulas falsas
383;['PF e Receita apreendem droga dentro de bombons'];PF e Receita apreendem droga dentro de bombons
384;['PF deflagra a Operação Athoótita para combater possível disseminação de pornografia infantil'];PF deflagra a Operação Athoótita para combater possível disseminação de pornografia infantil
385;['PF segue investigações sobre vacinas contra covid - 19 de origem ilícita'];PF segue investigações sobre vacinas contra covid - 19 de origem ilícita
386;['PF prende em Pau dos Ferros suspeito de integrar facção criminosa no Rio Grande do Norte'];PF prende em Pau dos Ferros suspeito de integrar facção criminosa no Rio Grande do Norte
387;['Polícia Federal realiza apreensão de droga no Porto de Santos SP'];Polícia Federal realiza apreensão de droga no Porto de Santos SP
388;['PF e BPFRON apreende quatro veículos carregados com contrabando'];PF e BPFRON apreende quatro veículos carregados com contrabando
389;['Polícia Federal apreende pistolas, fuzil e mais de 1 tonelada de cocaína no Porto de Santos SP'];Polícia Federal apreende pistolas, fuzil e mais de 1 tonelada de cocaína no Porto de Santos SP
390;['Polícia Federal prende traficante de armas e drogas procurado pela INTERPOL'];Polícia Federal prende traficante de armas e drogas procurado pela INTERPOL
391;['PF deflagra segunda fase da Operação Aversa contra o tráfico de drogas em Campo Grande MS'];PF deflagra segunda fase da Operação Aversa contra o tráfico de drogas em Campo Grande MS
392;['Polícia Federal apreende cerca de R 430 mil na fronteira com o Uruguai'];Polícia Federal apreende cerca de R 430 mil na fronteira com o Uruguai
393;['Polícia Federal combate o tráfico de drogas na fronteira com o Uruguai'];Polícia Federal combate o tráfico de drogas na fronteira com o Uruguai
394;['Operação Recôndito apura desvio de recursos públicos federais destinados ao combate do Coronavírus'];Operação Recôndito apura desvio de recursos públicos federais destinados ao combate do Coronavírus
395;['PF combate armazenamento e divulgação de imagens e vídeos de exploração sexual de crianças e adolescentes pela internet'];PF combate armazenamento e divulgação de imagens e vídeos de exploração sexual de crianças e adolescentes pela internet
396;['Polícia Federal reprime crimes contra os Correios no Amapá'];Polícia Federal reprime crimes contra os Correios no Amapá
397;['PF desarticula esquema de concessão de decisões judiciais irregulares no Rio de Janeiro'];PF desarticula esquema de concessão de decisões judiciais irregulares no Rio de Janeiro
398;['Polícia Federal realiza a prisão de uma pessoa por tráfico de drogas'];Polícia Federal realiza a prisão de uma pessoa por tráfico de drogas
399;['Polícia Federal resgata vítimas do tráfico de pessoas na Bolívia'];Polícia Federal resgata vítimas do tráfico de pessoas na Bolívia
400;['A Polícia Federal deflagra Operação Mitra para reprimir o porte ilegal de arma de fogo no Acre'];A Polícia Federal deflagra Operação Mitra para reprimir o porte ilegal de arma de fogo no Acre
401;['PF deflagra Operação Apacheta no Maranhão'];PF deflagra Operação Apacheta no Maranhão
402;['Polícia Federal localiza menor raptada em Valparaíso de Goiás', 'GO'];Polícia Federal localiza menor raptada em Valparaíso de Goiás GO
403;['PF prende homem por tráfico internacional de drogas'];PF prende homem por tráfico internacional de drogas
404;['PF e BPFRON estoura depósito milionário de contrabando'];PF e BPFRON estoura depósito milionário de contrabando
405;['PF deflagra operação de combate a fraudes no auxílio emergencial cometidas por servidores públicos'];PF deflagra operação de combate a fraudes no auxílio emergencial cometidas por servidores públicos
406;['Policiais federais, civis COPE PR e militares BPFRON', 'cumprem mandado de prisão pelo crime de tráfico de drogas, em Itaipulândia'];Policiais federais, civis COPE PR e militares BPFRON cumprem mandado de prisão pelo crime de tráfico de drogas, em Itaipulândia
407;['PF,', 'em ação conjunta com a Receita, apreende droga dentro de cosméticos'];PF, em ação conjunta com a Receita, apreende droga dentro de cosméticos
408;['Polícia Federal e APPA realizam fiscalização ambiental no Porto de Paranaguá'];Polícia Federal e APPA realizam fiscalização ambiental no Porto de Paranaguá
409;['PF desarticula associação criminosa voltada para a prática de crimes ambientais e agrários em terras da União'];PF desarticula associação criminosa voltada para a prática de crimes ambientais e agrários em terras da União
410;['Polícia Federal prende em flagrante negociador de diamantes'];Polícia Federal prende em flagrante negociador de diamantes
411;['PF apreende droga dentro de adega para vinhos'];PF apreende droga dentro de adega para vinhos
412;['FICCO - UBERABA, GFRON, PMMT e COD - PM GO apreendem mais de 26 kg de pasta base de cocaína'];FICCO - UBERABA, GFRON, PMMT e COD - PM GO apreendem mais de 26 kg de pasta base de cocaína
413;['A Polícia Federal apreendeu 250 quilos de cocaína em Ponta Porã MS'];A Polícia Federal apreendeu 250 quilos de cocaína em Ponta Porã MS
414;['PF prende foragido por tráfico internacional de drogas'];PF prende foragido por tráfico internacional de drogas
415;['PF apreende cocaína dentro de edredons'];PF apreende cocaína dentro de edredons
416;['Polícia Federal apreende mais de 3, 5kg de cocaína em dois aeroportos do Amazonas'];Polícia Federal apreende mais de 3, 5kg de cocaína em dois aeroportos do Amazonas
417;['PF apreende carretas com 60 m de madeira em porto de Manaus'];PF apreende carretas com 60 m de madeira em porto de Manaus
418;['Polícia Federal esclarece sobre prazos migratórios'];Polícia Federal esclarece sobre prazos migratórios
419;['PF deflagrou a Operação Expresso 155 de combate tráfico de drogas interestadual'];PF deflagrou a Operação Expresso 155 de combate tráfico de drogas interestadual
420;['PF deflagra segunda fase da Operação Aversa contra o tráfico de drogas em Campo Grande MS'];PF deflagra segunda fase da Operação Aversa contra o tráfico de drogas em Campo Grande MS
421;['Polícia Federal apreende mais de R 250 mil em moeda falsa'];Polícia Federal apreende mais de R 250 mil em moeda falsa
422;['Polícia Federal combate contrabando em Campinas'];Polícia Federal combate contrabando em Campinas
423;['Polícia Federal deflagra Operação', 'Quarta', 'Parcela no combate a fraudes contra benefícios emergenciais'];Polícia Federal deflagra Operação Quarta Parcela no combate a fraudes contra benefícios emergenciais
424;['Polícia Federal desarticula facção criminosa estabelecida na região da Serra Gaúcha'];Polícia Federal desarticula facção criminosa estabelecida na região da Serra Gaúcha
425;['Polícia Federal cumpre mais um mandado de prisão preventiva referente à Operação Enterprise'];Polícia Federal cumpre mais um mandado de prisão preventiva referente à Operação Enterprise
426;['Operação Estoque', 'Zero', 'investiga irregularidades na utilização recursos destinados ao combate da pandemia de Covid -', '19'];Operação Estoque Zero investiga irregularidades na utilização recursos destinados ao combate da pandemia de Covid - 19
427;['PF investiga grupo criminoso que cobrava para influir em órgãos públicos no DF'];PF investiga grupo criminoso que cobrava para influir em órgãos públicos no DF
428;['Polícia Federal deflagra Operação', 'Ossobuco', 'para investigar fraudes em contratos firmados entre empresas e hospitais federais sediados no Rio de Janeiro'];Polícia Federal deflagra Operação Ossobuco para investigar fraudes em contratos firmados entre empresas e hospitais federais sediados no Rio de Janeiro
429;['Operação Escambo investiga envolvido em tráfico de drogas e receptação de motocicletas roubadas em Rondônia'];Operação Escambo investiga envolvido em tráfico de drogas e receptação de motocicletas roubadas em Rondônia
430;['PF deflagra Operação Olho da Providência para combater desmatamento e invasões de terras públicas no Acre'];PF deflagra Operação Olho da Providência para combater desmatamento e invasões de terras públicas no Acre
431;['Polícia Federal enfrenta núcleo de facção criminosa no Amapá'];Polícia Federal enfrenta núcleo de facção criminosa no Amapá
432;['PF apreende caminhão com mais de 7 toneladas de maconha em Ponta Porã MS'];PF apreende caminhão com mais de 7 toneladas de maconha em Ponta Porã MS
433;['PF apreende mais de 2 kg de droga em voo para a frica do Sul'];PF apreende mais de 2 kg de droga em voo para a frica do Sul
434;['PF recupera objeto furtado da UFRN e apreende dinheiro falso em Natal'];PF recupera objeto furtado da UFRN e apreende dinheiro falso em Natal
435;['Operação Cara Grande desativa casas de câmbio que atuavam clandestinamente'];Operação Cara Grande desativa casas de câmbio que atuavam clandestinamente
436;['Polícia Federal apreende 3 kg de skunk no Aeroporto Internacional dos Guararapes, em Pernambuco'];Polícia Federal apreende 3 kg de skunk no Aeroporto Internacional dos Guararapes, em Pernambuco
437;['PF combate a prática ilegal de retenção de cartão de benefícios sociais e previdenciários de indígenas'];PF combate a prática ilegal de retenção de cartão de benefícios sociais e previdenciários de indígenas
438;['Polícia Federal combate prática de jogos de azar, lavagem de dinheiro e evasão de divisas'];Polícia Federal combate prática de jogos de azar, lavagem de dinheiro e evasão de divisas
439;['Polícia Federal realiza apoio ao IBAMA em operação contra exploração de madeira em área protegida em Ponta Porã MS'];Polícia Federal realiza apoio ao IBAMA em operação contra exploração de madeira em área protegida em Ponta Porã MS
440;['PF desarticula esquema criminoso de venda de moedas falsas no Pará'];PF desarticula esquema criminoso de venda de moedas falsas no Pará
441;['Polícia Federal investiga suspeito de compartilhar pela internet', 'imagens contendo abuso de criança'];Polícia Federal investiga suspeito de compartilhar pela internet imagens contendo abuso de criança
442;['Polícia Federal deflagra Operação Shalom para investigar crimes de racismo veiculados na internet'];Polícia Federal deflagra Operação Shalom para investigar crimes de racismo veiculados na internet
443;['Polícia Federal deflagra a Operação Nocivum contra fraudes a benefícios previdenciários na Bahia'];Polícia Federal deflagra a Operação Nocivum contra fraudes a benefícios previdenciários na Bahia
444;['PF, com apoio da Receita Federal, do Ibama e da Marinha, realiza fiscalização em porto de Belém PA'];PF, com apoio da Receita Federal, do Ibama e da Marinha, realiza fiscalização em porto de Belém PA
445;['Polícia Federal prende foragido da Operação Enterprise'];Polícia Federal prende foragido da Operação Enterprise
446;['PF deflagra Operação Expurgo', '2'];PF deflagra Operação Expurgo 2
447;['Polícia Federal deflagra operação Kindergarten para combater desvios de recursos públicos da educação no oeste baiano'];Polícia Federal deflagra operação Kindergarten para combater desvios de recursos públicos da educação no oeste baiano
448;['PF deflagra Operação Onda', 'Certa no Rio de Janeiro'];PF deflagra Operação Onda Certa no Rio de Janeiro
449;['PF deflagra a Operação Integração II investiga membros de organização criminosa que atuam no tráfico de entorpecentes'];PF deflagra a Operação Integração II investiga membros de organização criminosa que atuam no tráfico de entorpecentes
450;['PF deflagra Operação', 'Pente', 'Fino', 'no Rio de Janeiro'];PF deflagra Operação Pente Fino no Rio de Janeiro
451;['Laboratório clandestino de drogas sintéticas é descoberto e desativado pela polícia'];Laboratório clandestino de drogas sintéticas é descoberto e desativado pela polícia
452;['Polícia Federal, em ação conjunta com o Exército, desocupam garimpo em Mato Grosso'];Polícia Federal, em ação conjunta com o Exército, desocupam garimpo em Mato Grosso
453;['Polícia Federal apreende mais de 36 quilos de droga no Aeroporto de Rio Branco'];Polícia Federal apreende mais de 36 quilos de droga no Aeroporto de Rio Branco
454;['PF incinera aproximadamente 4 toneladas de drogas'];PF incinera aproximadamente 4 toneladas de drogas
455;['PF apreende caminhão e embarcação carregados com cigarros contrabandeados'];PF apreende caminhão e embarcação carregados com cigarros contrabandeados
456;['Polícia Federal cumpre mandados em investigação sobre comercialização ilegal de anabolizantes'];Polícia Federal cumpre mandados em investigação sobre comercialização ilegal de anabolizantes
457;['PF deflagra Operação Sagres no Rio de Janeiro'];PF deflagra Operação Sagres no Rio de Janeiro
458;['Polícia Federal fecha laboratório de falsificação de cédulas no Ceará'];Polícia Federal fecha laboratório de falsificação de cédulas no Ceará
459;['PF deflagra a terceira fase da Operação Pedágio'];PF deflagra a terceira fase da Operação Pedágio
460;['Polícia Federal deflagra operação de combate a fraudes no Auxílio Emergencial na Bahia'];Polícia Federal deflagra operação de combate a fraudes no Auxílio Emergencial na Bahia
461;['Polícia Federal deflagra operação contra furtos praticados por organização criminosa em aeroporto de Minas Gerais'];Polícia Federal deflagra operação contra furtos praticados por organização criminosa em aeroporto de Minas Gerais
462;['PF e BPFRON apreendem um veículo carregado com insumos para suplemento'];PF e BPFRON apreendem um veículo carregado com insumos para suplemento
463;['Polícia Federal conclui Operação Fusarium I de erradicação de maconha'];Polícia Federal conclui Operação Fusarium I de erradicação de maconha
464;['PF prende mulher que transportava pedras preciosas ocultadas em seu corpo'];PF prende mulher que transportava pedras preciosas ocultadas em seu corpo
465;['PF e Receita apreendem 15 kg de cocaína transportadas por estrangeiros no Aeroporto Internacional de São Paulo'];PF e Receita apreendem 15 kg de cocaína transportadas por estrangeiros no Aeroporto Internacional de São Paulo
466;['Polícia Federal deflagra nova etapa da Operação Egypto, denominada', 'Fractais'];Polícia Federal deflagra nova etapa da Operação Egypto, denominada Fractais
467;['Polícia Federal deflagra Operação', 'Destilados contra o descaminho de bebidas na fronteira com o Uruguai'];Polícia Federal deflagra Operação Destilados contra o descaminho de bebidas na fronteira com o Uruguai
468;['PF e Exército Brasileiro apreendem embarcação carregada com cigarros paraguaios'];PF e Exército Brasileiro apreendem embarcação carregada com cigarros paraguaios
469;['Polícia Federal cumpre mandado de prisão expedido pelo STF'];Polícia Federal cumpre mandado de prisão expedido pelo STF
470;['PF aprende milhares de cédulas falsas em São José do Rio Preto SP'];PF aprende milhares de cédulas falsas em São José do Rio Preto SP
471;['PF detém mulher transportando 40 mil dólares escondidos junto ao corpo'];PF detém mulher transportando 40 mil dólares escondidos junto ao corpo
472;['Polícia Federal deflagra Operação Investor para combater exploração ilegal de diamantes em terras indígenas em Rondônia'];Polícia Federal deflagra Operação Investor para combater exploração ilegal de diamantes em terras indígenas em Rondônia
473;['Polícia Federal deflagra Operação', 'Esquema Novo', 'para combater desvios de recursos públicos da Prefeitura Municipal de Rio Branco', 'MT'];Polícia Federal deflagra Operação Esquema Novo para combater desvios de recursos públicos da Prefeitura Municipal de Rio Branco MT
474;['PF combate desmatamento ilegal em reserva florestal no Acre.'];PF combate desmatamento ilegal em reserva florestal no Acre.
475;['PF combate crime de moeda falsa em Vilhena RO'];PF combate crime de moeda falsa em Vilhena RO
476;['PF deflagra operação para combater o tráfico de drogas sintéticas em Mato Grosso'];PF deflagra operação para combater o tráfico de drogas sintéticas em Mato Grosso
477;['Polícia Federal e Instituto Médico Legal em Alagoas realizam trabalho conjunto de identificação de cadáveres enterrados sem reconhecimento'];Polícia Federal e Instituto Médico Legal em Alagoas realizam trabalho conjunto de identificação de cadáveres enterrados sem reconhecimento
478;['PF deflagra Operação', 'Olhos Abertos de combate à disseminação de pornografia infantil pela internet'];PF deflagra Operação Olhos Abertos de combate à disseminação de pornografia infantil pela internet
479;['PF deflagra operação para combater crimes de moeda falsa em Passo Fundo e Erechim'];PF deflagra operação para combater crimes de moeda falsa em Passo Fundo e Erechim
480;['PF e autoridades francesas combatem comércio ilegal de caça na fronteira do Amapá'];PF e autoridades francesas combatem comércio ilegal de caça na fronteira do Amapá
481;['PF apreende 250 kg de cocaína no Mato Grosso'];PF apreende 250 kg de cocaína no Mato Grosso
482;['PF investiga homem que tem se passado por policial federal fazendo uso indevido de símbolos da corporação'];PF investiga homem que tem se passado por policial federal fazendo uso indevido de símbolos da corporação
483;['PF apreende droga enviada pelos Correios em Petrolina PE'];PF apreende droga enviada pelos Correios em Petrolina PE
484;['PF investiga autores de roubos a diversas agências dos Correios ocorridos no ano de 2020'];PF investiga autores de roubos a diversas agências dos Correios ocorridos no ano de 2020
485;['Polícia Federal apreende 2, 6 kg de skunk na fronteira com o Uruguai'];Polícia Federal apreende 2, 6 kg de skunk na fronteira com o Uruguai
486;['PF, em ação conjunta, apreende veículo carregado com cigarros e agrotóxicos em Itaipulândia PR'];PF, em ação conjunta, apreende veículo carregado com cigarros e agrotóxicos em Itaipulândia PR
487;['Polícia Federal deflagra operação contra tráfico de drogas em Mato Grosso e em São Paulo'];Polícia Federal deflagra operação contra tráfico de drogas em Mato Grosso e em São Paulo
488;['PF, em ação conjunta, apreende armas e munições em Santa Cruz do Capibaribe PE'];PF, em ação conjunta, apreende armas e munições em Santa Cruz do Capibaribe PE
489;['Polícia Federal prende acusado de homicídio e de integrar facção criminosa no RN'];Polícia Federal prende acusado de homicídio e de integrar facção criminosa no RN
490;['Polícia Federal extradita estrangeiro procurado pela Interpol por crimes investigados no México'];Polícia Federal extradita estrangeiro procurado pela Interpol por crimes investigados no México
491;['Polícia Federal faz operação no Porto do Açu, em Campos dos Goytacazes RJ'];Polícia Federal faz operação no Porto do Açu, em Campos dos Goytacazes RJ
492;['Polícia Federal deflagra Operação que visa investigar atos de corrupção em órgãos de proteção ambiental no Amapá'];Polícia Federal deflagra Operação que visa investigar atos de corrupção em órgãos de proteção ambiental no Amapá
493;['Polícia Federal investiga fraudes na compra de Equipamentos de Proteção Individual - EPIs no Acre'];Polícia Federal investiga fraudes na compra de Equipamentos de Proteção Individual - EPIs no Acre
494;['PF investiga organização criminosa que praticava crimes com o objetivo de liberar presos condenados pela Justiça'];PF investiga organização criminosa que praticava crimes com o objetivo de liberar presos condenados pela Justiça
495;['Polícia Federal combate disseminação de pornografia infantil na rede mundial de computadores'];Polícia Federal combate disseminação de pornografia infantil na rede mundial de computadores
496;['Polícia Federal localiza menor raptada em Valparaíso de Goiás'];Polícia Federal localiza menor raptada em Valparaíso de Goiás
497;['Polícia Federal, Receita Federal e IBAMA fiscalizam contêineres no Porto de Paranaguá'];Polícia Federal, Receita Federal e IBAMA fiscalizam contêineres no Porto de Paranaguá
498;['PF fecha rádio clandestina em Cordovil'];PF fecha rádio clandestina em Cordovil
499;['PF investiga possível prática de crimes ambientais relacionados ao garimpo ilegal em Rondônia'];PF investiga possível prática de crimes ambientais relacionados ao garimpo ilegal em Rondônia
500;['PF, em ação integrada, apreende um veículo carregado com aproximadamente 5 mil maços de cigarros contrabandeados'];PF, em ação integrada, apreende um veículo carregado com aproximadamente 5 mil maços de cigarros contrabandeados
