id;ner_documento
1;[[0, [['Brasil', 'LOC', 0, 6], ['5 Plano de Ação Nacional de Governo Aberto', 'MISC', 28, 70]]]]
2;[[0, [['CGU', 'ORG', 0, 3]]]]
3;[[0, [['Covid', 'LOC', 0, 5], ['PF', 'ORG', 17, 19], ['Secretaria de Saúde do Piauí', 'LOC', 46, 74]]]]
4;[[0, [['Covid', 'LOC', 0, 5], ['PF', 'ORG', 17, 19], ['Piauí', 'LOC', 59, 64]]]]
5;[[0, [['Conselho de Serviços Públicos', 'ORG', 43, 72]]]]
6;[[0, [['GT', 'ORG', 35, 37]]]]
7;[[0, [['CGU', 'ORG', 21, 24], ['Portal', 'ORG', 33, 39], ['OMS', 'ORG', 43, 46], ['Covid', 'LOC', 67, 72]]]]
8;[[0, [['Tecnologia da Informação', 'ORG', 53, 77]]]]
9;[[0, [['CGU', 'ORG', 0, 3], ['Maranhão', 'LOC', 7, 15], ['100 Primeiros Dias da Gestão', 'MISC', 41, 69]]]]
10;[[0, [['Portal da Transparência do Governo Federal', 'ORG', 27, 69]]]]
11;[[0, [['Atualização das Despesas Públicas no Portal da Transparência', 'MISC', 0, 60]]]]
12;[[0, [['CGU', 'ORG', 0, 3], ['Relatório de Gestão Fiscal', 'MISC', 12, 38]]]]
13;[[0, [['GT - tica', 'ORG', 0, 9]]]]
14;[[0, [['Paraíba', 'LOC', 71, 78]]]]
15;[[0, [['Covid', 'LOC', 0, 5], ['PF', 'ORG', 17, 19], ['Rio de Janeiro', 'LOC', 52, 66]]]]
16;[[0, [['Fundo de Financiamento do Ensino Superior', 'ORG', 16, 57]]]]
17;[[0, [['5 Plano de Ação Nacional de Governo Aberto', 'MISC', 50, 92]]]]
18;[[0, [['LENI NCIA', 'PER', 0, 9]]], [1, [['CGU', 'ORG', 0, 3], ['AGU', 'ORG', 5, 8], ['MPF', 'ORG', 11, 14], ['Samsung Heavy Industries', 'ORG', 37, 61]]]]
19;[[0, [['CGU', 'ORG', 0, 3], ['COVID', 'ORG', 51, 56]]]]
20;[[0, [['CGU', 'ORG', 0, 3], ['PF', 'ORG', 6, 8], ['Araguaína', 'LOC', 47, 56]]]]
21;[[0, []]]
22;[[0, [['CGU', 'ORG', 82, 85]]]]
23;[[0, []], [1, [['CGU', 'ORG', 59, 62]]]]
24;[[0, [['Covid', 'LOC', 0, 5], ['PF', 'ORG', 17, 19], ['Pinheiro MA', 'LOC', 49, 60]]]]
25;[[0, [['CGU', 'ORG', 0, 3], ['Reunião da Comissão de Coordenação de Controle Interno', 'ORG', 15, 69]]]]
26;[[0, [['Plano de Integridade da Dataprev', 'MISC', 43, 75]]]]
27;[[0, [['CGU', 'ORG', 68, 71], ['Ipea', 'LOC', 74, 78]]]]
28;[[0, [['Atualização das Despesas Públicas no Portal da Transparência', 'MISC', 0, 60]]]]
29;[[0, [['SFC', 'ORG', 0, 3], ['Jornada do Auditor Interno Governamental', 'MISC', 24, 64]]]]
30;[[0, [['CGU', 'ORG', 0, 3], ['Diretoria de Tecnologia da Informação', 'ORG', 38, 75]]]]
31;[[0, [['Dia do Ouvidor', 'MISC', 33, 47]]]]
32;[[0, [['CGU', 'ORG', 0, 3], ['Sistema de Ouvidorias do Executivo Federal', 'ORG', 33, 75]]]]
33;[[0, [['Governo Federal', 'LOC', 0, 15]]]]
34;[[0, [['Revista da CGU', 'ORG', 0, 14], ['Estado', 'LOC', 80, 86]]]]
35;[[0, [['CGU', 'ORG', 0, 3], ['Escala Brasil Transparente -', 'MISC', 37, 65]]]]
36;[[0, [['STPC', 'MISC', 0, 4], ['Diálogos em Controle Social', 'MISC', 50, 77]]]]
37;[[0, [['CGU', 'ORG', 0, 3], ['Plano Anticorrupção do Governo Federal', 'MISC', 26, 64]]]]
38;[[0, [['CGU', 'ORG', 0, 3], ['Tomadas de Contas Especiais', 'MISC', 45, 72]]]]
39;[[0, []]]
40;[[0, [['Rede Nacional de Ouvidorias', 'ORG', 0, 27], ['LGPD', 'PER', 47, 51]]]]
41;[[0, [['CGU', 'ORG', 22, 25], ['R', 'MISC', 34, 35]]]]
42;[[0, [['LAI', 'MISC', 44, 47], ['LGPD', 'MISC', 53, 57], ['CGU', 'ORG', 76, 79]]]]
43;[[0, []], [1, []]]
44;[[0, [['Brasil', 'LOC', 46, 52]]]]
45;[[0, [['GT', 'ORG', 0, 2], ['Comissão de tica Pública', 'ORG', 49, 73]]]]
46;[[0, [['Governo Federal', 'LOC', 0, 15], ['Dia Mundial da gua', 'MISC', 26, 44], ['Seminário das guas', 'ORG', 57, 75]]], [1, [['Brasileiras', 'LOC', 0, 11]]]]
47;[[0, []], [1, [['Conselho de Usuários de Serviços Públicos', 'ORG', 0, 41]]]]
48;[[0, [['da CGU', 'LOC', 9, 15]]]]
49;[[0, [['Governo Federal', 'LOC', 0, 15]]], [1, []]]
50;[[0, [['CGU', 'ORG', 0, 3]]]]
51;[[0, []]]
52;[[0, [['CGU', 'ORG', 0, 3], ['Brasil', 'LOC', 60, 66]]]]
53;[[0, [['Revista da CGU', 'ORG', 0, 14]]]]
54;[[0, [['Wagner Rosário', 'PER', 0, 14]]]]
55;[[0, [['Relatório de Gestão 2020', 'ORG', 35, 59]]]]
56;[[0, [['Relatório de Gestão', 'ORG', 39, 58]]]]
57;[[0, [['CGU', 'ORG', 0, 3], ['Infraestrutura Nacional de Dados Abertos', 'MISC', 34, 74]]]]
58;[[0, [['Revista da CGU', 'ORG', 0, 14]]]]
59;[[0, [['CGU', 'ORG', 0, 3], ['Diálogos em Controle Social', 'MISC', 40, 67]]]]
60;[[0, [['CGU', 'ORG', 0, 3], ['PF', 'ORG', 5, 7], ['MPF', 'ORG', 10, 13], ['Incra', 'LOC', 46, 51]]]]
61;[[0, [['CGU', 'ORG', 0, 3], ['Prestação de Contas do Presidente da República de 2020', 'MISC', 12, 66]]]]
62;[[0, [['CGU', 'ORG', 0, 3], ['PF', 'ORG', 6, 8], ['Pernambuco', 'LOC', 65, 75]]]]
63;[[0, [['CGU', 'ORG', 0, 3], ['Plano Anual de Auditoria Interna', 'MISC', 42, 74]]]]
64;[[0, [['CGU', 'ORG', 0, 3], ['Polícia Federal', 'LOC', 6, 21], ['Operação Rota BR', 'MISC', 51, 67]]]]
65;[[0, [['Covid', 'LOC', 0, 5], ['PF', 'ORG', 17, 19], ['Rio Branco', 'LOC', 61, 71]]], [1, [['AC', 'ORG', 0, 2]]]]
66;[[0, [['Polícias Federal', 'LOC', 0, 16], ['Civil', 'LOC', 18, 23], ['Militar', 'LOC', 26, 33], ['Salvador', 'LOC', 96, 104]]]]
67;[[0, [['Polícia Federal', 'LOC', 0, 15], ['Amazonas', 'LOC', 63, 71]]]]
68;[[0, [['PF', 'ORG', 0, 2], ['BPFRON', 'MISC', 5, 11], ['Foz do Iguaçu', 'LOC', 62, 75]]]]
69;[[0, [['PF', 'ORG', 0, 2]]]]
70;[[0, [['PF', 'ORG', 0, 2], ['Acre', 'LOC', 72, 76]]]]
71;[[0, [['PF', 'ORG', 0, 2]]]]
72;[[0, [['Polícia Federal', 'LOC', 0, 15], ['Macapá', 'LOC', 54, 60]]]]
73;[[0, [['Polícia Federal', 'LOC', 0, 15], ['Receita Federal', 'LOC', 18, 33]]]]
74;[[0, [['PF', 'ORG', 0, 2]]]]
75;[[0, [['PF', 'ORG', 0, 2], ['BPFRON', 'MISC', 5, 11]]]]
76;[[0, [['PF', 'ORG', 0, 2], ['Porto', 'LOC', 43, 48], ['PA', 'LOC', 58, 60]]]]
77;[[0, [['PF', 'ORG', 0, 2]]]]
78;[[0, [['PF', 'ORG', 0, 2]]]]
79;[[0, [['PF', 'ORG', 0, 2], ['Correios', 'MISC', 88, 96]]]]
80;[[0, [['PF', 'ORG', 0, 2], ['Jales', 'LOC', 54, 59]]]]
81;[[0, [['PF', 'ORG', 0, 2], ['BPFRON', 'MISC', 5, 11]]]]
82;[[0, [['PF', 'ORG', 0, 2], ['Guarulhos', 'LOC', 53, 62]]]]
83;[[0, [['PF', 'ORG', 0, 2], ['BPFRON', 'MISC', 5, 11]]]]
84;[[0, [['PF', 'ORG', 0, 2], ['Guaíra', 'LOC', 67, 73]]]]
85;[[0, [['Paraguai', 'LOC', 42, 50], ['PF', 'ORG', 66, 68]]]]
86;[[0, [['Papiloscopista', 'LOC', 7, 21]]]]
87;[[0, [['PF', 'ORG', 0, 2], ['BR277', 'MISC', 68, 73], ['Operação Hórus', 'ORG', 87, 101], ['Programa', 'ORG', 104, 112]]], [1, [['VIGIA', 'LOC', 0, 5]]]]
88;[[0, [['Operação Resgate', 'ORG', 0, 16]]]]
89;[[0, [['PF', 'ORG', 0, 2], ['PM', 'ORG', 5, 7]]]]
90;[[0, [['PF', 'ORG', 0, 2], ['Minas Gerais', 'LOC', 56, 68]]]]
91;[[0, [['PF', 'ORG', 0, 2], ['BPFRON', 'MISC', 5, 11]]]]
92;[[0, [['Polícia Federal', 'LOC', 0, 15], ['Pernambuco', 'LOC', 61, 71]]]]
93;[[0, [['PF', 'ORG', 0, 2], ['Operação Voto Livre', 'MISC', 30, 49]]]]
94;[[0, [['PF', 'ORG', 0, 2], ['Espírito Santo', 'LOC', 37, 51]]]]
95;[[0, [['Polícia Federal', 'LOC', 0, 15], ['Acre', 'LOC', 47, 51]]]]
96;[[0, [['PF', 'ORG', 0, 2], ['Operação Overweight', 'ORG', 14, 33], ['São Paulo', 'LOC', 85, 94]]]]
97;[[0, [['PF', 'ORG', 0, 2], ['Bolívia', 'LOC', 84, 91]]]]
98;[[0, [['PF', 'ORG', 0, 2]]]]
99;[[0, [['Polícia Federal', 'LOC', 0, 15], ['Museu Oscar Niemeyer', 'LOC', 27, 47]]], [1, [['Operação Vernissage', 'MISC', 21, 40]]]]
100;[[0, [['PF', 'ORG', 0, 2], ['Interpol', 'ORG', 35, 43], ['Rio de Janeiro', 'LOC', 47, 61]]]]
101;[[0, [['PF', 'ORG', 0, 2], ['BPFRON', 'MISC', 5, 11], ['Terra Roxa', 'LOC', 53, 63]]]]
102;[[0, [['PF', 'ORG', 0, 2], ['Enem', 'MISC', 69, 73]]]]
103;[[0, [['PF', 'ORG', 0, 2], ['Covid', 'LOC', 67, 72], ['Piauí', 'LOC', 81, 86]]]]
104;[[0, [['Polícia Federal', 'LOC', 0, 15]]], [1, [['Lava Jato', 'PER', 0, 9]]], [2, [['Operação Vernissage', 'MISC', 0, 19]]]]
105;[[0, [['PF', 'ORG', 0, 2], ['Distrito Federal', 'LOC', 34, 50], ['Goiás', 'LOC', 56, 61]]]]
106;[[0, [['PF', 'ORG', 0, 2], ['Rússia', 'LOC', 99, 105]]]]
107;[[0, [['Polícia Federal', 'LOC', 0, 15], ['Aeroporto de Guarulhos', 'LOC', 49, 71]]]]
108;[[0, [['PF', 'ORG', 0, 2], ['Porto de Santos', 'LOC', 52, 67]]]]
109;[[0, [['PF', 'ORG', 0, 2], ['Roraima', 'LOC', 63, 70]]]]
110;[[0, [['PF', 'ORG', 0, 2], ['Correios no Espírito Santo', 'LOC', 46, 72]]]]
111;[[0, [['PF', 'ORG', 0, 2], ['Operação Cai', 'MISC', 46, 58]]], [1, []]]
112;[[0, [['PF', 'ORG', 0, 2], ['Angra RJ', 'LOC', 47, 55]]]]
113;[[0, [['Polícia Federal', 'LOC', 0, 15], ['Operação Hórus', 'MISC', 85, 99], ['Cascavel', 'LOC', 103, 111], ['PR', 'LOC', 114, 116]]]]
114;[[0, [['Polícia Federal', 'LOC', 0, 15], ['Rio Grande do Sul', 'LOC', 48, 65]]]]
115;[[0, [['PF', 'ORG', 0, 2], ['NBOH', 'MISC', 50, 54], ['Varginha', 'LOC', 58, 66]]]]
116;[[0, [['Operação felos investiga fraudes', 'MISC', 0, 32], ['Auxílio Emergencial', 'MISC', 52, 71], ['Acre', 'LOC', 75, 79]]]]
117;[[0, [['Polícia Federal', 'LOC', 0, 15], ['Operação', 'MISC', 25, 33]]], [1, [['Despudor', 'LOC', 0, 8], ['Acre', 'LOC', 12, 16]]]]
118;[[0, [['PF', 'ORG', 0, 2], ['Mato Grosso', 'LOC', 49, 60]]]]
119;[[0, [['Polícia Federal', 'LOC', 0, 15], ['Amazônia', 'LOC', 40, 48]]]]
120;[[0, [['PF', 'ORG', 0, 2], ['Rio de Janeiro', 'LOC', 33, 47]]]]
121;[[0, [['PF', 'ORG', 0, 2]]]]
122;[[0, [['PF', 'LOC', 0, 2], ['Rio Grande do Norte', 'LOC', 51, 70]]]]
123;[[0, [['PF', 'ORG', 0, 2], ['Correios no Espírito Santo', 'LOC', 65, 91]]]]
124;[[0, [['PF', 'ORG', 0, 2], ['Operação Help X', 'MISC', 95, 110], ['Operação Infância', 'MISC', 113, 130]]], [1, []]]
125;[[0, [['PF', 'LOC', 0, 2], ['Minas Gerais', 'LOC', 53, 65]]]]
126;[[0, [['PF', 'ORG', 0, 2]]], [1, []]]
127;[[0, [['PF', 'ORG', 0, 2], ['Pernambuco', 'LOC', 48, 58]]]]
128;[[0, [['Polícia Federal', 'LOC', 0, 15], ['Foz do Iguaçu', 'LOC', 61, 74]]]]
129;[[0, [['PF', 'ORG', 0, 2], ['Operação Bad Trip', 'MISC', 14, 31]]]]
130;[[0, [['PF', 'ORG', 0, 2], ['Acre', 'LOC', 30, 34]]]]
131;[[0, [['Polícia Federal', 'LOC', 0, 15], ['Operação Raposo', 'LOC', 25, 40], ['rgão público paranaense', 'LOC', 95, 118]]]]
132;[[0, [['PF', 'ORG', 0, 2], ['Covid', 'LOC', 64, 69], ['Piauí', 'LOC', 78, 83]]]]
133;[[0, [['PF', 'ORG', 0, 2]]]]
134;[[0, [['Polícia Federal', 'LOC', 0, 15]]], [1, []]]
135;[[0, [['PF', 'ORG', 0, 2]]]]
136;[[0, [['PF', 'ORG', 0, 2], ['Rio Grande do Norte', 'LOC', 14, 33], ['Justiça de Goiás', 'ORG', 50, 66]]]]
137;[[0, [['PF', 'ORG', 0, 2], ['Mato Grosso', 'LOC', 33, 44]]]]
138;[[0, [['PF', 'ORG', 0, 2], ['Rio Juruá', 'LOC', 42, 51]]]]
139;[[0, [['Polícia Federal', 'LOC', 0, 15], ['Benefícios Previdenciários', 'PER', 84, 110]]]]
140;[[0, [['Polícia Federal', 'LOC', 0, 15], ['Terra Indígena Yanomami', 'LOC', 35, 58]]]]
141;[[0, [['PF', 'ORG', 0, 2], ['Rio de Janeiro', 'LOC', 14, 28]]]]
142;[[0, [['Vila Portes', 'LOC', 78, 89], ['Foz do Iguaçu', 'LOC', 94, 107]]]]
143;[[0, [['Operação Resgate', 'ORG', 56, 72]]]]
144;[[0, [['Ponte da Amizade', 'LOC', 39, 55]]]]
145;[[0, [['PF', 'ORG', 0, 2], ['Rio Grande do Norte', 'LOC', 35, 54]]]]
146;[[0, [['PF', 'ORG', 0, 2], ['Operação Alcatraz', 'MISC', 30, 47]]], [1, []]]
147;[[0, [['PF', 'ORG', 0, 2]]]]
148;[[0, [['PF', 'ORG', 0, 2], ['PM', 'LOC', 5, 7], ['Guaíra', 'LOC', 43, 49]]]]
149;[[0, [['PF', 'ORG', 0, 2], ['São Paulo', 'LOC', 37, 46]]]]
150;[[0, [['Polícia Federal', 'LOC', 0, 15], ['Receita Federal', 'LOC', 18, 33], ['Uruguai', 'LOC', 77, 84]]]]
151;[[0, [['Polícia Federal', 'LOC', 0, 15], ['Correios', 'LOC', 63, 71]]]]
152;[[0, [['PF', 'ORG', 0, 2], ['Pará', 'LOC', 49, 53]]]]
153;[[0, [['PF', 'ORG', 0, 2]]], [1, [['Operação Hórus', 'ORG', 13, 27]]]]
154;[[0, [['Polícia Federal', 'LOC', 0, 15], ['Operação Cash Delivery', 'MISC', 25, 47], ['Caixa Econômica Federal de Jaguarão RS', 'ORG', 100, 138]]]]
155;[[0, [['PF', 'ORG', 0, 2], ['Interpol', 'ORG', 45, 53], ['Rio de Janeiro', 'LOC', 57, 71]]]]
156;[[0, [['PF', 'ORG', 0, 2], ['internet', 'MISC', 57, 65]]]]
157;[[0, [['PF', 'ORG', 0, 2], ['Espanha', 'LOC', 16, 23], ['Interpol', 'ORG', 39, 47]]]]
158;[[0, [['PF', 'ORG', 0, 2]]]]
159;[[0, [['Polícia Federal', 'LOC', 0, 15], ['Justiça de Santa Catarina', 'LOC', 35, 60]]]]
160;[[0, [['PF', 'ORG', 0, 2]]]]
161;[[0, [['PF', 'ORG', 0, 2], ['internet', 'MISC', 62, 70]]]]
162;[[0, [['Polícia Federal', 'LOC', 32, 47]]]]
163;[[0, [['PF', 'ORG', 0, 2], ['PRF', 'ORG', 27, 30], ['Litoral Sul', 'LOC', 75, 86]]], [1, [['Potiguar', 'LOC', 0, 8]]]]
164;[[0, [['PF', 'ORG', 0, 2]]]]
165;[[0, [['PF', 'ORG', 0, 2], ['Operação Festa Branca', 'MISC', 34, 55], ['Rondônia', 'LOC', 59, 67]]]]
166;[[0, [['PF', 'ORG', 0, 2], ['Pernambuco', 'LOC', 69, 79]]]]
167;[[0, [['PF', 'ORG', 0, 2], ['INSS', 'ORG', 51, 55]]]]
168;[[0, [['PF', 'ORG', 0, 2], ['Operação Pesadelo no Espirito Santo', 'MISC', 29, 64]]]]
169;[[0, [['PF', 'ORG', 0, 2], ['Roraima', 'LOC', 50, 57]]]]
170;[[0, [['PF', 'ORG', 0, 2]]]]
171;[[0, [['PF', 'ORG', 0, 2]]]]
172;[[0, [['OPERA', 'MISC', 0, 5]]], [1, [['H RUS PF', 'ORG', 2, 10], ['Paraná', 'LOC', 81, 87]]]]
173;[[0, [['PF', 'ORG', 0, 2]]], [1, [['Ceará', 'LOC', 49, 54]]]]
174;[[0, [['PF', 'ORG', 0, 2], ['Paraná', 'LOC', 39, 45]]]]
175;[[0, [['PF', 'ORG', 0, 2]]]]
176;[[0, [['Polícia Federal', 'LOC', 0, 15], ['Buenos Aires Argentina', 'LOC', 81, 103]]]]
177;[[0, [['Polícia Federal', 'LOC', 0, 15], ['aeroporto internacional dos Guararapes', 'LOC', 72, 110]]]]
178;[[0, [['PF', 'ORG', 0, 2], ['Operação Concórdia', 'MISC', 16, 34], ['Rio Grande do Norte', 'LOC', 78, 97]]]]
179;[[0, [['PF', 'ORG', 0, 2]]]]
180;[[0, [['PF', 'ORG', 0, 2], ['BPFRON', 'MISC', 5, 11]]]]
181;[[0, [['PF', 'ORG', 0, 2], ['BPFRON', 'MISC', 5, 11]]]]
182;[[0, [['PF', 'ORG', 0, 2], ['BPFRON', 'MISC', 5, 11]]]]
183;[[0, [['PF', 'ORG', 0, 2], ['Correios', 'LOC', 35, 43]]]]
184;[[0, [['PF', 'ORG', 0, 2], ['Justiça', 'LOC', 22, 29], ['Redenção PA', 'MISC', 33, 44]]]]
185;[[0, [['PF', 'ORG', 0, 2]]]]
186;[[0, [['PF', 'ORG', 0, 2], ['BPFRON', 'MISC', 5, 11], ['Terra Roxa', 'LOC', 66, 76]]]]
187;[[0, [['PF', 'ORG', 0, 2]]]]
188;[[0, [['PF', 'ORG', 0, 2], ['Operação Hermano', 'ORG', 14, 30], ['Iracema', 'MISC', 67, 74]]]]
189;[[0, [['Polícia Federal', 'LOC', 0, 15], ['Alagoas', 'LOC', 61, 68]]]]
190;[[0, [['Foz do Iguaçu', 'LOC', 57, 70]]]]
191;[[0, [['Polícia Federal', 'LOC', 0, 15]]]]
192;[[0, [['Polícia Federal', 'LOC', 0, 15], ['Marinha do Brasil', 'ORG', 18, 35]]]]
193;[[0, [['PF', 'ORG', 0, 2]]]]
194;[[0, [['Polícia Federal', 'LOC', 0, 15], ['Rio Grande do Sul', 'LOC', 49, 66]]]]
195;[[0, [['Polícia Federal', 'LOC', 0, 15], ['BPFRON', 'MISC', 18, 24]]]]
196;[[0, [['Polícia Federal', 'LOC', 0, 15], ['Marinha do Brasil', 'ORG', 18, 35], ['Pernambuco', 'LOC', 58, 68]]]]
197;[[0, [['Operação Kambaí', 'ORG', 0, 15]]]]
198;[[0, [['Polícia Federal', 'LOC', 0, 15], ['aeroporto de', 'LOC', 71, 83]]]]
199;[[0, [['PF', 'LOC', 0, 2], ['Cruzeiro do Sul', 'LOC', 31, 46]]]]
200;[[0, [['PF', 'ORG', 0, 2], ['Operação Creeper', 'MISC', 12, 28], ['Espírito Santo', 'LOC', 64, 78]]]]
201;[[0, [['PF', 'ORG', 0, 2], ['R', 'MISC', 29, 30], ['Correios', 'MISC', 61, 69]]]]
202;[[0, [['Polícia Federal', 'LOC', 0, 15], ['SENAD', 'ORG', 18, 23], ['Operação Nova Aliança', 'ORG', 36, 57], ['Cannabis', 'PER', 85, 93]]]]
203;[[0, [['PF', 'ORG', 0, 2], ['Operação', 'MISC', 12, 20]]], [1, [['COVID', 'ORG', 83, 88], ['Arraial PI', 'LOC', 97, 107], ['Isaías Coelho', 'PER', 110, 123]]]]
204;[[0, [['PF', 'ORG', 0, 2], ['Rondônia', 'LOC', 61, 69]]]]
205;[[0, [['Polícia Federal', 'LOC', 0, 15]]]]
206;[[0, [['Polícia Federal', 'LOC', 0, 15], ['Campo Grande', 'LOC', 56, 68]]]]
207;[[0, [['PF', 'ORG', 0, 2]]]]
208;[[0, [['PF', 'ORG', 0, 2], ['Pará', 'LOC', 46, 50]]]]
209;[[0, [['Lago Itaipu', 'LOC', 68, 79], ['Entre Rios do Oeste', 'LOC', 83, 102]]]]
210;[[0, [['PF', 'ORG', 0, 2], ['Guiana Francesa', 'LOC', 47, 62]]]]
211;[[0, [['PF', 'ORG', 0, 2], ['BPFRON', 'MISC', 5, 11], ['Guaíra', 'LOC', 83, 89]]]]
212;[[0, [['PF', 'ORG', 0, 2]]]]
213;[[0, [['PF', 'ORG', 0, 2]]]]
214;[[0, [['PF', 'ORG', 0, 2], ['Acre', 'LOC', 34, 38]]]]
215;[[0, [['PF', 'ORG', 0, 2]]]]
216;[[0, [['Polícia Federal', 'LOC', 0, 15], ['Alagoas', 'LOC', 29, 36], ['Operação Inocência', 'MISC', 55, 73]]], [1, []], [2, []]]
217;[[0, [['Polícia Federal', 'LOC', 0, 15], ['Operação UFR GIO', 'MISC', 25, 41], ['Rio de Janeiro', 'LOC', 90, 104]]]]
218;[[0, [['PF', 'ORG', 0, 2]]]]
219;[[0, [['Operação Quinta Coluna', 'ORG', 0, 22], ['FAB', 'ORG', 96, 99]]]]
220;[[0, [['PF', 'ORG', 0, 2], ['Receita', 'ORG', 26, 33]]]]
221;[[0, [['PF', 'ORG', 0, 2], ['Bolívia', 'LOC', 52, 59]]]]
222;[[0, [['Polícia Federal', 'LOC', 0, 15], ['Tabatinga', 'LOC', 60, 69]]]]
223;[[0, [['Polícia Federal', 'LOC', 0, 15], ['Operação', 'MISC', 25, 33]]], [1, [['Ponto', 'LOC', 0, 5]]], [2, []], [3, []]]
224;[[0, [['Polícia Federal', 'LOC', 0, 15]]]]
225;[[0, [['PF', 'ORG', 0, 2]]]]
226;[[0, [['Polícia Federal', 'LOC', 0, 15], ['Acre', 'LOC', 68, 72]]]]
227;[[0, [['Polícia Federal', 'LOC', 0, 15]]]]
228;[[0, [['Polícia Federal', 'LOC', 0, 15], ['Operação Fiscela', 'MISC', 25, 41], ['Previdência Social', 'ORG', 72, 90]]]]
229;[[0, [['Polícia Federal', 'LOC', 0, 15], ['Foz do Iguaçu', 'LOC', 69, 82]]]]
230;[[0, [['PF', 'ORG', 0, 2], ['BPFRON', 'MISC', 5, 11]]]]
231;[[0, [['Polícia Federal', 'LOC', 0, 15], ['GEFRON AC', 'ORG', 18, 27], ['R', 'MISC', 60, 61]]]]
232;[[0, [['PF', 'ORG', 0, 2], ['BPFRON', 'MISC', 5, 11]]]]
233;[[0, [['Polícia Federal', 'LOC', 0, 15], ['Guiana', 'LOC', 89, 95]]]]
234;[[0, [['Polícia Federal', 'LOC', 0, 15], ['Amapá', 'LOC', 45, 50]]]]
235;[[0, []]]
236;[[0, [['Polícia Federal', 'LOC', 0, 15], ['Bagé RS', 'LOC', 48, 55]]]]
237;[[0, [['PF', 'ORG', 0, 2], ['Operação Hydra', 'MISC', 12, 26]]]]
238;[[0, [['Céu Azul', 'LOC', 62, 70]]]]
239;[[0, [['Polícia Federal', 'LOC', 2, 17], ['Recursos do Fundo Municipal de Saúde', 'LOC', 52, 88], ['Araguaína', 'LOC', 92, 101]]]]
240;[[0, [['PF', 'ORG', 0, 2], ['Santa Casa de Montes Claros', 'LOC', 37, 64]]]]
241;[[0, [['Polícia Federal', 'LOC', 0, 15]]]]
242;[[0, [['PF', 'ORG', 0, 2], ['Operação Papel Branco', 'MISC', 14, 35], ['Minas Gerais', 'LOC', 95, 107]]]]
243;[[0, [['PF', 'ORG', 0, 2], ['Justiça', 'LOC', 22, 29], ['Minas Gerais', 'LOC', 33, 45]]]]
244;[[0, [['Polícia Federal', 'LOC', 0, 15], ['Polícia Militar de São Paulo', 'LOC', 18, 46]]]]
245;[[0, [['PF', 'ORG', 0, 2]]]]
246;[[0, [['PF', 'ORG', 0, 2], ['Acre', 'LOC', 100, 104], ['Mato Grosso do Sul', 'LOC', 107, 125]]]]
247;[[0, [['PF', 'ORG', 0, 2]]], [1, [['RJ', 'MISC', 60, 62]]]]
248;[[0, [['PF', 'ORG', 0, 2]]]]
249;[[0, [['PF', 'ORG', 0, 2], ['Amapá', 'LOC', 31, 36]]]]
250;[[0, [['PF', 'ORG', 0, 2], ['TIGRE PCPR', 'ORG', 5, 15], ['Rio Paraná', 'LOC', 46, 56]]]]
251;[[0, [['PF', 'ORG', 0, 2], ['Correios', 'LOC', 43, 51], ['Natal RN', 'LOC', 55, 63]]]]
252;[[0, [['PF', 'ORG', 0, 2], ['Operação Bad Trip', 'MISC', 31, 48]]]]
253;[[0, [['PF', 'ORG', 0, 2], ['RN', 'LOC', 92, 94]]]]
254;[[0, [['Polícia Federal', 'LOC', 0, 15], ['Interpol', 'ORG', 18, 26], ['Operação Enterprise', 'MISC', 48, 67]]]]
255;[[0, [['PF', 'ORG', 0, 2]]]]
256;[[0, [['PF', 'ORG', 0, 2], ['BPFRON', 'MISC', 5, 11], ['Santa Terezinha de Itaipu', 'LOC', 54, 79], ['Operação Hórus', 'ORG', 97, 111], ['Programa', 'ORG', 114, 122]]], [1, [['VIGIA', 'LOC', 0, 5]]]]
257;[[0, [['PF', 'ORG', 0, 2], ['Roraima', 'LOC', 54, 61]]]]
258;[[0, [['PF', 'ORG', 0, 2]]]]
259;[[0, [['PF', 'ORG', 0, 2]]]]
260;[[0, [['Polícia Federal', 'LOC', 0, 15], ['Polícia Militar', 'LOC', 40, 55]]]]
261;[[0, [['PF', 'ORG', 0, 2]]], [1, [['Polícia Militar BEPI', 'LOC', 27, 47]]], [2, [['Orocó', 'LOC', 49, 54]]]]
262;[[0, [['PF', 'ORG', 0, 2]]]]
263;[[0, [['PF', 'ORG', 0, 2], ['Operação', 'MISC', 12, 20]]], [1, []]]
264;[[0, [['PF', 'ORG', 0, 2], ['Operação Faraó', 'MISC', 12, 26], ['Espírito Santo', 'LOC', 73, 87]]]]
265;[[0, [['Polícia Federal', 'LOC', 0, 15], ['Operação Lavaggio', 'LOC', 25, 42]]]]
266;[[0, [['PF', 'ORG', 0, 2]]]]
267;[[0, [['Polícia Federal', 'LOC', 0, 15], ['Pernambuco', 'LOC', 44, 54]]]]
268;[[0, [['PF', 'ORG', 0, 2], ['Timbaúba', 'LOC', 65, 73]]]]
269;[[0, [['PF', 'ORG', 0, 2], ['Porto de Paranaguá', 'LOC', 39, 57]]]]
270;[[0, [['PF', 'ORG', 0, 2], ['BPFRON', 'MISC', 5, 11]]]]
271;[[0, [['PF', 'ORG', 0, 2], ['FICCO Uberaba', 'LOC', 22, 35], ['PMRE Iturama', 'LOC', 38, 50], ['MG', 'LOC', 53, 55]]]]
272;[[0, [['Polícia Federal', 'LOC', 0, 15]]]]
273;[[0, [['PF', 'ORG', 0, 2]]]]
274;[[0, [['PF', 'ORG', 0, 2], ['BPFRON', 'MISC', 5, 11]]]]
275;[[0, [['PF', 'ORG', 0, 2], ['Acre', 'LOC', 35, 39]]]]
276;[[0, [['PF', 'ORG', 0, 2], ['Campo Grande', 'LOC', 33, 45]]]]
277;[[0, [['PF', 'ORG', 0, 2], ['Operação Veneza', 'MISC', 12, 27], ['São Paulo', 'LOC', 31, 40]]]]
278;[[0, [['PF', 'ORG', 0, 2], ['Pará', 'LOC', 32, 36]]]]
279;[[0, [['PF', 'ORG', 0, 2], ['BPFRON', 'MISC', 5, 11]]]]
280;[[0, [['Polícia Federal', 'LOC', 0, 15]]]]
281;[[0, [['PF', 'ORG', 0, 2], ['BPFRON', 'MISC', 5, 11]]]]
282;[[0, [['PF', 'ORG', 0, 2]]]]
283;[[0, [['PF', 'ORG', 0, 2], ['BPFRON', 'MISC', 5, 11]]]]
284;[[0, [['PF', 'ORG', 0, 2], ['BPFRON', 'MISC', 5, 11]]]]
285;[[0, [['PF', 'ORG', 0, 2], ['Araraquara', 'LOC', 75, 85]]]]
286;[[0, [['PF', 'ORG', 0, 2], ['Sorocaba', 'LOC', 52, 60]]]]
287;[[0, [['Polícia Federal', 'LOC', 0, 15]]]]
288;[[0, [['PF', 'ORG', 0, 2], ['Porto de Paranaguá', 'LOC', 41, 59]]]]
289;[[0, [['PF', 'ORG', 0, 2], ['Zona Norte', 'LOC', 44, 54], ['Rio de Janeiro', 'LOC', 58, 72]]]]
290;[[0, [['Polícia Federal', 'LOC', 0, 15]]], [1, []], [2, [['Operação Lava Jato', 'ORG', 8, 26]]], [3, [['Operação PSEUDEIA', 'MISC', 0, 17]]]]
291;[[0, [['PF', 'ORG', 0, 2], ['MT', 'LOC', 65, 67]]]]
292;[[0, [['PF', 'ORG', 0, 2]]]]
293;[[0, []]]
294;[[0, [['Polícia Federal', 'LOC', 0, 15]]], [1, [['Rio de Janeiro', 'LOC', 57, 71]]]]
295;[[0, [['PF', 'ORG', 0, 2], ['Campina Grande', 'LOC', 45, 59]]]]
296;[[0, [['PF', 'ORG', 0, 2], ['Sudoeste', 'LOC', 86, 94]]]]
297;[[0, [['PF', 'ORG', 0, 2]]]]
298;[[0, [['Polícia Federal', 'LOC', 0, 15], ['Três Lagoas', 'LOC', 53, 64]]]]
299;[[0, [['PF', 'ORG', 0, 2], ['Força Integrada', 'MISC', 5, 20], ['Operação Fronteira', 'MISC', 31, 49]]], [1, [['Acre', 'LOC', 38, 42]]]]
300;[[0, [['PF', 'ORG', 0, 2]]]]
301;[[0, [['PF', 'ORG', 0, 2], ['Guaíra', 'LOC', 54, 60]]]]
302;[[0, [['PF', 'ORG', 0, 2]]]]
303;[[0, [['PF', 'ORG', 0, 2], ['BPFRON', 'MISC', 5, 11], ['Rio Iguaçu', 'LOC', 47, 57], ['Operação Hórus', 'ORG', 72, 86], ['Programa', 'ORG', 89, 97]]], [1, [['VIGIA', 'LOC', 0, 5]]]]
304;[[0, [['Operação Palha Grande', 'LOC', 0, 21], ['INSS', 'ORG', 62, 66]]]]
305;[[0, [['Polícia Federal', 'LOC', 0, 15], ['Correios', 'MISC', 79, 87], ['Foz do Iguaçu', 'LOC', 91, 104]]]]
306;[[0, [['Operação Advenus', 'MISC', 0, 16], ['Acre', 'LOC', 65, 69]]]]
307;[[0, [['PF', 'ORG', 0, 2], ['Natal', 'LOC', 13, 18], ['Interpol', 'ORG', 44, 52]]]]
308;[[0, [['Operação Lux', 'ORG', 0, 12], ['Luziânia GO', 'LOC', 65, 76]]]]
309;[[0, [['Polícia Federal', 'LOC', 0, 15]]]]
310;[[0, [['PF', 'ORG', 0, 2], ['Receita', 'ORG', 5, 12]]]]
311;[[0, [['Polícia Federal', 'LOC', 0, 15], ['Oiapoque', 'LOC', 45, 53]]]]
312;[[0, [['Polícia Federal', 'LOC', 0, 15]]]]
313;[[0, [['PF', 'ORG', 0, 2], ['STJ', 'LOC', 42, 45]]]]
314;[[0, [['Polícia Federal', 'LOC', 0, 15], ['Estado do Rio Grande do Sul', 'LOC', 91, 118]]]]
315;[[0, [['PF', 'ORG', 0, 2], ['BPFRON', 'MISC', 5, 11]]]]
316;[[0, [['Polícia Federal', 'LOC', 0, 15], ['Ponta Porã', 'LOC', 29, 39], ['Força Nacional', 'ORG', 84, 98]]]]
317;[[0, [['PF', 'ORG', 0, 2], ['Mato Grosso', 'LOC', 53, 64]]]]
318;[[0, [['PF', 'ORG', 0, 2], ['Operação Manzana', 'MISC', 12, 28], ['Pernambuco', 'LOC', 94, 104]]]]
319;[[0, [['PF', 'ORG', 0, 2], ['RN', 'LOC', 63, 65]]]]
320;[[0, [['PF', 'ORG', 0, 2], ['Rodovia', 'LOC', 32, 39]]], [1, [['Presidente Dutra', 'LOC', 0, 16]]]]
321;[[0, [['PF', 'ORG', 0, 2], ['Operação Dotted Roses', 'MISC', 14, 35]]]]
322;[[0, [['Polícia Federal', 'LOC', 0, 15], ['BPFRON', 'MISC', 18, 24]]]]
323;[[0, [['PF', 'ORG', 0, 2], ['Aeroporto de Fortaleza', 'LOC', 46, 68]]]]
324;[[0, [['PF', 'ORG', 0, 2], ['Mato Grosso', 'LOC', 54, 65]]]]
325;[[0, [['PF', 'ORG', 0, 2], ['Sergipe', 'LOC', 58, 65]]]]
326;[[0, [['PF', 'ORG', 0, 2], ['Nova Xavantina', 'LOC', 45, 59], ['MT', 'LOC', 60, 62]]]]
327;[[0, [['PF', 'ORG', 0, 2], ['Operação Argos', 'MISC', 12, 26], ['R', 'MISC', 96, 97], ['Pacaraima', 'LOC', 112, 121]]]]
328;[[0, [['PF', 'ORG', 0, 2], ['Brasil', 'LOC', 78, 84], ['Peru', 'LOC', 87, 91]]]]
329;[[0, [['PF', 'ORG', 0, 2], ['internet', 'MISC', 59, 67]]]]
330;[[0, [['Polícia Federal', 'LOC', 0, 15], ['Ceará', 'LOC', 26, 31], ['Sistema Prisional do RN', 'ORG', 50, 73]]]]
331;[[0, [['Polícia Federal', 'LOC', 0, 15], ['Amapá', 'LOC', 46, 51]]]]
332;[[0, [['PF', 'ORG', 0, 2], ['Acre', 'LOC', 41, 45]]]]
333;[[0, [['PF', 'ORG', 0, 2]]]]
334;[[0, [['PF', 'ORG', 0, 2], ['Oiapoque', 'LOC', 31, 39]]], [1, [['AP', 'MISC', 0, 2]]]]
335;[[0, [['PF', 'ORG', 0, 2]]], [1, [['Receita', 'ORG', 23, 30]]]]
336;[[0, [['Polícia Federal', 'LOC', 0, 15]]]]
337;[[0, [['Polícia Federal', 'LOC', 0, 15]]]]
338;[[0, [['PF', 'ORG', 0, 2]]]]
339;[[0, [['Polícia Federal', 'LOC', 0, 15], ['Receita Federal', 'LOC', 18, 33], ['Uruguai', 'LOC', 84, 91]]]]
340;[[0, [['Polícia Federal', 'LOC', 0, 15], ['Operação Caixa 38', 'MISC', 25, 42]]]]
341;[[0, [['Itaipulândia', 'LOC', 54, 66]]]]
342;[[0, [['BPFRON', 'MISC', 44, 50], ['Medianeira', 'LOC', 102, 112]]]]
343;[[0, [['Polícia Federal', 'LOC', 0, 15]]]]
344;[[0, [['PF', 'ORG', 0, 2]]]]
345;[[0, [['Polícia Federal', 'LOC', 0, 15], ['Porto de Cabedelo', 'LOC', 47, 64]]]]
346;[[0, [['Polícia Federal', 'LOC', 0, 15], ['Paraguai', 'LOC', 69, 77]]]]
347;[[0, [['Polícia Federal', 'LOC', 0, 15], ['Ministério da Saúde', 'LOC', 100, 119]]]]
348;[[0, [['Santa Helena', 'LOC', 74, 86]]]]
349;[[0, [['Polícia Federal', 'LOC', 0, 15], ['Operação', 'MISC', 25, 33]]], [1, [['Ianomâmi', 'PER', 0, 8]]], [2, [['Roraima', 'LOC', 20, 27]]]]
350;[[0, [['PF', 'ORG', 0, 2], ['Brasil', 'LOC', 13, 19], ['Paraguai', 'LOC', 57, 65]]]]
351;[[0, [['Polícia Federal', 'LOC', 0, 15], ['Estados', 'LOC', 81, 88]]]]
352;[[0, [['Polícia Federal', 'LOC', 0, 15], ['Operação Trigger VI', 'MISC', 29, 48], ['INTERPOL', 'ORG', 64, 72]]]]
353;[[0, [['PF', 'ORG', 0, 2], ['BPFRON', 'MISC', 5, 11]]], [1, [['PMPR', 'ORG', 0, 4]]]]
354;[[0, [['PF', 'ORG', 0, 2], ['Covid', 'LOC', 59, 64]]]]
355;[[0, [['Polícia Federal', 'LOC', 0, 15]]]]
356;[[0, [['PF', 'ORG', 0, 2], ['Porto de Santos', 'LOC', 22, 37]]]]
357;[[0, [['Polícia Federal', 'LOC', 0, 15], ['Operação Denarius', 'MISC', 41, 58]]]]
358;[[0, [['Polícia Federal', 'LOC', 0, 15]]]]
359;[[0, [['Polícia Federal', 'LOC', 0, 15], ['Missal', 'LOC', 47, 53]]]]
360;[[0, [['Polícia Federal', 'LOC', 0, 15]]]]
361;[[0, [['PF', 'ORG', 0, 2], ['BPFRON', 'MISC', 5, 11], ['Guaíra', 'LOC', 63, 69]]]]
362;[[0, [['PF', 'ORG', 0, 2], ['Caixa Econômica Federal', 'ORG', 32, 55]]]]
363;[[0, [['PF', 'ORG', 0, 2], ['Polícia Militar', 'LOC', 19, 34]]]]
364;[[0, [['PF', 'ORG', 0, 2], ['Operação Anóxia', 'LOC', 12, 27]]]]
365;[[0, [['PF', 'ORG', 0, 2], ['Aeroporto Internacional de São Paulo', 'LOC', 31, 67]]]]
366;[[0, [['Polícia Federal', 'LOC', 0, 15], ['Fundo Eleitoral', 'LOC', 48, 63], ['Amapá', 'LOC', 67, 72]]]]
367;[[0, [['Foragido da Justiça', 'LOC', 0, 19], ['Rio Grande do Sul', 'LOC', 23, 40]]], [1, [['Uruguai', 'LOC', 17, 24], ['Brasil', 'LOC', 32, 38]]]]
368;[[0, [['Polícia Federal', 'LOC', 0, 15]]]]
369;[[0, [['PF', 'ORG', 0, 2], ['Mato Grosso', 'LOC', 27, 38]]]]
370;[[0, [['PF', 'ORG', 0, 2]]]]
371;[[0, [['Polícia Federal', 'LOC', 0, 15], ['Auxílio Emergencial', 'MISC', 59, 78], ['Mato Grosso', 'LOC', 106, 117], ['Estados', 'LOC', 133, 140]]]]
372;[[0, [['PF', 'ORG', 0, 2]]]]
373;[[0, [['PF', 'ORG', 0, 2], ['R', 'MISC', 20, 21], ['Brasil', 'LOC', 45, 51], ['Bolívia', 'LOC', 58, 65]]]]
374;[[0, [['Polícia Federal', 'LOC', 0, 15], ['Porto de Santos SP', 'LOC', 44, 62]]]]
375;[[0, [['PF', 'ORG', 0, 2], ['Operação Constantino', 'MISC', 12, 32], ['União', 'LOC', 83, 88], ['Amazonas', 'LOC', 92, 100]]]]
376;[[0, [['PF', 'LOC', 0, 2], ['Cariri', 'LOC', 32, 38]]]]
377;[[0, [['Polícia Federal', 'LOC', 0, 15], ['Bahia', 'LOC', 69, 74]]]]
378;[[0, [['Polícia Federal', 'LOC', 0, 15], ['Operação Quinino', 'MISC', 43, 59]]]]
379;[[0, [['Polícia Federal', 'LOC', 0, 15], ['Amapá', 'LOC', 53, 58]]]]
380;[[0, [['PF', 'ORG', 0, 2], ['Caixa Econômica Federal', 'ORG', 27, 50], ['Chapecó', 'LOC', 54, 61]]]]
381;[[0, [['Polícia Federal', 'LOC', 0, 15], ['Recife', 'LOC', 68, 74]]]]
382;[[0, [['Polícia Federal', 'LOC', 0, 15]]]]
383;[[0, [['PF', 'ORG', 0, 2], ['Receita', 'ORG', 5, 12]]]]
384;[[0, [['PF', 'ORG', 0, 2], ['Operação Athoótita', 'ORG', 14, 32]]]]
385;[[0, [['PF', 'ORG', 0, 2]]]]
386;[[0, [['PF', 'ORG', 0, 2], ['Pau dos Ferros', 'LOC', 13, 27], ['Rio Grande do Norte', 'LOC', 69, 88]]]]
387;[[0, [['Polícia Federal', 'LOC', 0, 15], ['Porto de Santos SP', 'LOC', 46, 64]]]]
388;[[0, [['PF', 'ORG', 0, 2], ['BPFRON', 'MISC', 5, 11]]]]
389;[[0, [['Polícia Federal', 'LOC', 0, 15], ['Porto de Santos SP', 'LOC', 76, 94]]]]
390;[[0, [['Polícia Federal', 'LOC', 0, 15], ['INTERPOL', 'ORG', 67, 75]]]]
391;[[0, [['PF', 'ORG', 0, 2], ['Operação Aversa', 'MISC', 28, 43], ['Campo Grande', 'LOC', 74, 86]]]]
392;[[0, [['Polícia Federal', 'LOC', 0, 15], ['R', 'MISC', 34, 35], ['Uruguai', 'LOC', 63, 70]]]]
393;[[0, [['Polícia Federal', 'LOC', 0, 15], ['Uruguai', 'LOC', 63, 70]]]]
394;[[0, [['Operação Recôndito', 'MISC', 0, 18], ['Coronavírus', 'LOC', 87, 98]]]]
395;[[0, [['PF', 'ORG', 0, 2], ['internet', 'MISC', 111, 119]]]]
396;[[0, [['Polícia Federal', 'LOC', 0, 15], ['Correios no Amapá', 'MISC', 41, 58]]]]
397;[[0, [['PF', 'ORG', 0, 2], ['Rio de Janeiro', 'LOC', 73, 87]]]]
398;[[0, [['Polícia Federal', 'LOC', 0, 15]]]]
399;[[0, [['Polícia Federal', 'LOC', 0, 15], ['Bolívia', 'LOC', 57, 64]]]]
400;[[0, [['Polícia Federal', 'LOC', 2, 17], ['Operação Mitra', 'LOC', 27, 41], ['Acre', 'LOC', 90, 94]]]]
401;[[0, [['PF', 'ORG', 0, 2], ['Operação Apacheta', 'MISC', 12, 29], ['Maranhão', 'LOC', 33, 41]]]]
402;[[0, [['Polícia Federal', 'LOC', 0, 15], ['Valparaíso de Goiás', 'LOC', 42, 61]]], [1, [['GO', 'LOC', 0, 2]]]]
403;[[0, [['PF', 'ORG', 0, 2]]]]
404;[[0, [['PF', 'ORG', 0, 2], ['BPFRON', 'MISC', 5, 11]]]]
405;[[0, [['PF', 'ORG', 0, 2]]]]
406;[[0, [['COPE', 'ORG', 26, 30], ['BPFRON', 'PER', 46, 52]]], [1, [['Itaipulândia', 'LOC', 62, 74]]]]
407;[[0, [['PF', 'ORG', 0, 2]]], [1, [['Receita', 'ORG', 23, 30]]]]
408;[[0, [['Polícia Federal', 'LOC', 0, 15], ['APPA', 'ORG', 18, 22], ['Porto de Paranaguá', 'LOC', 58, 76]]]]
409;[[0, [['PF', 'ORG', 0, 2], ['União', 'LOC', 104, 109]]]]
410;[[0, [['Polícia Federal', 'LOC', 0, 15]]]]
411;[[0, [['PF', 'ORG', 0, 2]]]]
412;[[0, [['UBERABA', 'LOC', 8, 15], ['PMMT', 'MISC', 24, 28], ['COD', 'ORG', 31, 34], ['PM GO', 'ORG', 37, 42]]]]
413;[[0, [['Polícia Federal', 'LOC', 2, 17], ['Ponta Porã MS', 'LOC', 53, 66]]]]
414;[[0, [['PF', 'ORG', 0, 2]]]]
415;[[0, [['PF', 'ORG', 0, 2]]]]
416;[[0, [['Polícia Federal', 'LOC', 0, 15], ['Amazonas', 'LOC', 73, 81]]]]
417;[[0, [['PF', 'ORG', 0, 2], ['Manaus', 'LOC', 53, 59]]]]
418;[[0, [['Polícia Federal', 'LOC', 0, 15]]]]
419;[[0, [['PF', 'ORG', 0, 2], ['Operação Expresso', 'ORG', 15, 32]]]]
420;[[0, [['PF', 'ORG', 0, 2], ['Operação Aversa', 'MISC', 28, 43], ['Campo Grande', 'LOC', 74, 86]]]]
421;[[0, [['Polícia Federal', 'LOC', 0, 15], ['R', 'MISC', 33, 34]]]]
422;[[0, [['Polícia Federal', 'LOC', 0, 15], ['Campinas', 'LOC', 39, 47]]]]
423;[[0, [['Polícia Federal', 'LOC', 0, 15], ['Operação', 'MISC', 25, 33]]], [1, []], [2, []]]
424;[[0, [['Polícia Federal', 'LOC', 0, 15], ['Serra Gaúcha', 'LOC', 71, 83]]]]
425;[[0, [['Polícia Federal', 'LOC', 0, 15], ['Operação Enterprise', 'MISC', 72, 91]]]]
426;[[0, [['Operação Estoque', 'MISC', 0, 16]]], [1, [['Zero', 'PER', 0, 4]]], [2, [['Covid', 'PER', 86, 91]]], [3, []]]
427;[[0, [['PF', 'ORG', 0, 2], ['DF', 'LOC', 76, 78]]]]
428;[[0, [['Polícia Federal', 'LOC', 0, 15], ['Operação', 'MISC', 25, 33]]], [1, []], [2, [['Rio de Janeiro', 'LOC', 94, 108]]]]
429;[[0, [['Operação Escambo', 'LOC', 0, 16], ['Rondônia', 'LOC', 99, 107]]]]
430;[[0, [['PF', 'ORG', 0, 2], ['Operação Olho da Providência', 'MISC', 12, 40], ['Acre', 'LOC', 101, 105]]]]
431;[[0, [['Polícia Federal', 'LOC', 0, 15], ['Amapá', 'LOC', 55, 60]]]]
432;[[0, [['PF', 'ORG', 0, 2], ['Ponta Porã MS', 'LOC', 59, 72]]]]
433;[[0, [['PF', 'ORG', 0, 2], ['frica do Sul', 'LOC', 48, 60]]]]
434;[[0, [['PF', 'ORG', 0, 2], ['UFRN', 'LOC', 30, 34], ['Natal', 'MISC', 64, 69]]]]
435;[[0, [['Operação Cara Grande', 'MISC', 0, 20]]]]
436;[[0, [['Polícia Federal', 'LOC', 0, 15], ['Aeroporto Internacional dos Guararapes', 'LOC', 42, 80], ['Pernambuco', 'LOC', 85, 95]]]]
437;[[0, [['PF', 'ORG', 0, 2]]]]
438;[[0, [['Polícia Federal', 'LOC', 0, 15]]]]
439;[[0, [['Polícia Federal', 'LOC', 0, 15], ['IBAMA', 'LOC', 33, 38], ['Ponta Porã MS', 'LOC', 101, 114]]]]
440;[[0, [['PF', 'ORG', 0, 2], ['Pará', 'LOC', 62, 66]]]]
441;[[0, [['Polícia Federal', 'LOC', 0, 15], ['internet', 'MISC', 56, 64]]], [1, []]]
442;[[0, [['Polícia Federal', 'LOC', 0, 15], ['Operação Shalom', 'MISC', 25, 40]]]]
443;[[0, [['Polícia Federal', 'LOC', 0, 15], ['Operação Nocivum', 'MISC', 27, 43], ['Bahia', 'LOC', 91, 96]]]]
444;[[0, [['PF', 'ORG', 0, 2], ['Receita Federal', 'LOC', 17, 32], ['Ibama', 'LOC', 37, 42], ['Marinha', 'ORG', 48, 55], ['Belém', 'LOC', 90, 95]]]]
445;[[0, [['Polícia Federal', 'LOC', 0, 15], ['Operação Enterprise', 'MISC', 35, 54]]]]
446;[[0, [['PF', 'ORG', 0, 2], ['Operação', 'MISC', 12, 20]]], [1, []]]
447;[[0, [['Polícia Federal', 'LOC', 0, 15], ['Kindergarten', 'MISC', 34, 46]]]]
448;[[0, [['PF', 'ORG', 0, 2], ['Operação Onda', 'MISC', 12, 25]]], [1, [['Rio de Janeiro', 'LOC', 9, 23]]]]
449;[[0, [['PF', 'ORG', 0, 2], ['Operação Integração II', 'MISC', 14, 36]]]]
450;[[0, [['PF', 'ORG', 0, 2], ['Operação', 'MISC', 12, 20]]], [1, []], [2, [['Fino', 'LOC', 0, 4]]], [3, [['Rio de Janeiro', 'LOC', 3, 17]]]]
451;[[0, []]]
452;[[0, [['Polícia Federal', 'LOC', 0, 15], ['Exército', 'ORG', 40, 48], ['Mato Grosso', 'LOC', 71, 82]]]]
453;[[0, [['Polícia Federal', 'LOC', 0, 15], ['Aeroporto de Rio Branco', 'LOC', 55, 78]]]]
454;[[0, [['PF', 'LOC', 0, 2]]]]
455;[[0, [['PF', 'ORG', 0, 2]]]]
456;[[0, [['Polícia Federal', 'LOC', 0, 15]]]]
457;[[0, [['PF', 'ORG', 0, 2], ['Operação Sagres', 'MISC', 12, 27], ['Rio de Janeiro', 'LOC', 31, 45]]]]
458;[[0, [['Polícia Federal', 'LOC', 0, 15], ['Ceará', 'LOC', 64, 69]]]]
459;[[0, [['PF', 'ORG', 0, 2], ['Operação Pedágio', 'MISC', 31, 47]]]]
460;[[0, [['Polícia Federal', 'LOC', 0, 15], ['Auxílio Emergencial', 'MISC', 58, 77], ['Bahia', 'LOC', 81, 86]]]]
461;[[0, [['Polícia Federal', 'LOC', 0, 15], ['Minas Gerais', 'LOC', 101, 113]]]]
462;[[0, [['PF', 'ORG', 0, 2], ['BPFRON', 'MISC', 5, 11]]]]
463;[[0, [['Polícia Federal', 'LOC', 0, 15], ['Operação Fusarium I', 'MISC', 24, 43]]]]
464;[[0, [['PF', 'ORG', 0, 2]]]]
465;[[0, [['PF', 'ORG', 0, 2], ['Receita', 'ORG', 5, 12], ['Aeroporto Internacional de São Paulo', 'LOC', 74, 110]]]]
466;[[0, [['Polícia Federal', 'LOC', 0, 15], ['Operação Egypto', 'ORG', 39, 54]]], [1, []]]
467;[[0, [['Polícia Federal', 'LOC', 0, 15], ['Operação', 'MISC', 25, 33]]], [1, [['Uruguai', 'LOC', 61, 68]]]]
468;[[0, [['PF', 'ORG', 0, 2], ['Exército Brasileiro', 'ORG', 5, 24]]]]
469;[[0, [['Polícia Federal', 'LOC', 0, 15], ['STF', 'LOC', 55, 58]]]]
470;[[0, [['PF', 'ORG', 0, 2], ['São José do Rio Preto SP', 'LOC', 41, 65]]]]
471;[[0, [['PF', 'ORG', 0, 2]]]]
472;[[0, [['Polícia Federal', 'LOC', 0, 15], ['Operação Investor', 'MISC', 25, 42], ['Rondônia', 'LOC', 111, 119]]]]
473;[[0, [['Polícia Federal', 'LOC', 0, 15], ['Operação', 'MISC', 25, 33]]], [1, []], [2, [['Prefeitura Municipal de Rio Branco', 'LOC', 46, 80]]], [3, [['MT', 'LOC', 0, 2]]]]
474;[[0, [['PF', 'ORG', 0, 2], ['Acre', 'LOC', 55, 59]]]]
475;[[0, [['PF', 'ORG', 0, 2], ['Vilhena', 'LOC', 35, 42]]]]
476;[[0, [['PF', 'ORG', 0, 2], ['Mato Grosso', 'LOC', 69, 80]]]]
477;[[0, [['Polícia Federal', 'LOC', 0, 15], ['Instituto Médico Legal', 'LOC', 18, 40], ['Alagoas', 'LOC', 44, 51]]]]
478;[[0, [['PF', 'ORG', 0, 2], ['Operação', 'MISC', 12, 20]]], [1, [['internet', 'MISC', 69, 77]]]]
479;[[0, [['PF', 'ORG', 0, 2], ['Passo Fundo', 'LOC', 60, 71], ['Erechim', 'LOC', 74, 81]]]]
480;[[0, [['PF', 'ORG', 0, 2], ['Amapá', 'LOC', 76, 81]]]]
481;[[0, [['PF', 'ORG', 0, 2], ['Mato Grosso', 'LOC', 33, 44]]]]
482;[[0, [['PF', 'ORG', 0, 2]]]]
483;[[0, [['PF', 'ORG', 0, 2], ['Correios', 'LOC', 32, 40], ['Petrolina', 'LOC', 44, 53]]]]
484;[[0, [['PF', 'ORG', 0, 2], ['Correios', 'MISC', 55, 63]]]]
485;[[0, [['Polícia Federal', 'LOC', 0, 15], ['Uruguai', 'LOC', 61, 68]]]]
486;[[0, [['PF', 'ORG', 0, 2], ['Itaipulândia', 'LOC', 79, 91]]]]
487;[[0, [['Polícia Federal', 'LOC', 0, 15], ['Mato Grosso', 'LOC', 62, 73], ['São Paulo', 'LOC', 79, 88]]]]
488;[[0, [['PF', 'ORG', 0, 2], ['Santa Cruz do Capibaribe', 'LOC', 51, 75]]]]
489;[[0, [['Polícia Federal', 'LOC', 0, 15], ['RN', 'LOC', 78, 80]]]]
490;[[0, [['Polícia Federal', 'LOC', 0, 15], ['Interpol', 'ORG', 53, 61], ['México', 'LOC', 89, 95]]]]
491;[[0, [['Polícia Federal', 'LOC', 0, 15], ['Porto do Açu', 'LOC', 32, 44], ['Campos dos Goytacazes', 'LOC', 49, 70]]]]
492;[[0, [['Polícia Federal', 'LOC', 0, 15], ['Operação', 'MISC', 25, 33], ['Amapá', 'LOC', 107, 112]]]]
493;[[0, [['Polícia Federal', 'LOC', 0, 15], ['Equipamentos de Proteção Individual - EPIs', 'MISC', 47, 89], ['Acre', 'LOC', 93, 97]]]]
494;[[0, [['PF', 'ORG', 0, 2], ['Justiça', 'ORG', 105, 112]]]]
495;[[0, [['Polícia Federal', 'LOC', 0, 15]]]]
496;[[0, [['Polícia Federal', 'LOC', 0, 15], ['Valparaíso de Goiás', 'LOC', 42, 61]]]]
497;[[0, [['Polícia Federal', 'LOC', 0, 15], ['Receita Federal', 'LOC', 17, 32], ['IBAMA', 'LOC', 35, 40], ['Porto de Paranaguá', 'LOC', 67, 85]]]]
498;[[0, [['PF', 'ORG', 0, 2], ['Cordovil', 'LOC', 30, 38]]]]
499;[[0, [['PF', 'ORG', 0, 2], ['Rondônia', 'LOC', 85, 93]]]]
500;[[0, [['PF', 'ORG', 0, 2]]]]
